city,date,Temperature,DewPoint,Humidity,WindSpeed,Pressure,Precipitation,intervention
New York,2/19/20,42,21.6,46.2,14.5,30.2,0,0
New York,2/20/20,31.8,10.1,41,13.3,30.4,0,0
New York,2/21/20,29.3,3.1,35.1,10,30.4,0,0
New York,2/22/20,41,5.7,24.3,10.3,30.2,0,0
New York,2/23/20,46.6,13.6,28,8,30.1,0,0
New York,2/24/20,49.5,26.3,43.7,7.3,30,0,0
New York,2/25/20,47.4,41.3,80.4,6.7,29.9,0,0
New York,2/26/20,44.8,41.9,89.8,9.1,29.9,0.14,0
New York,2/27/20,40.6,26.9,62.7,21.3,29.5,0.46,0
New York,2/28/20,35.5,8.3,33,18.7,29.8,0,0
New York,2/29/20,31.2,8.5,39,16.6,29.9,0,0
New York,3/1/20,35.5,13.7,41.8,13.4,30.1,0,0
New York,3/2/20,48.2,30.5,51.1,10.3,29.9,0,0
New York,3/3/20,52.4,44.6,75.5,10.1,29.6,0.01,0
New York,3/4/20,50.5,28.5,44.8,18.2,29.7,0.28,0
New York,3/5/20,44.8,25.4,48.5,12.9,30.1,0,0
New York,3/6/20,41.6,34,74.7,13,29.9,0,0
New York,3/7/20,41,16.5,42.1,14.7,30.2,0.14,0
New York,3/8/20,47.8,14.7,27.6,10.2,30.4,0,0
New York,3/9/20,59.3,22.8,25.8,11,30.3,0,0
New York,3/10/20,61,40.2,46.8,12.8,30,0,0
New York,3/11/20,50.4,28.5,44.6,9.4,30.1,0,0
New York,3/12/20,44.7,36.1,72.5,8.7,30.1,0,0
New York,3/13/20,54.6,41.3,70.3,14.7,29.9,0.17,0
New York,3/14/20,48.9,21.7,34.5,14.8,30.3,0.12,0
New York,3/15/20,46.8,19.3,34.9,9.5,30.4,0,0
New York,3/16/20,39.3,20.8,48.9,13.7,30.5,0,0
New York,3/17/20,47.5,38.3,71.6,8.3,30.2,0.08,0
New York,3/18/20,47.6,26.8,44.7,10.1,30.4,0.07,0
New York,3/19/20,46.2,40.1,79.5,9.9,30.2,1,0
New York,3/20/20,56,47,74.8,9.2,29.9,0.02,0
New York,3/21/20,48.5,22.7,38,13.3,30.2,0,0
New York,3/22/20,38.4,15.2,39.8,13.6,30.6,0,0
New York,3/23/20,39.2,33.5,80.8,14.8,30.2,0,4
New York,3/24/20,44,32,64.1,10.3,30.1,1.44,4
New York,3/25/20,42.8,34,71,15.3,30.1,0,4
New York,3/26/20,47,32.2,57.6,8.6,29.9,0.01,4
New York,3/27/20,57.5,34.8,47.3,6.5,29.8,0,4
New York,3/28/20,46.4,38.2,74.9,11.4,30.1,0,4
New York,3/29/20,45.5,43.2,91.8,18.4,29.9,0.42,4
New York,3/30/20,45.7,40.1,80.7,7.5,29.9,0.01,4
New York,3/31/20,44.1,35.7,73,8.8,30,0.14,4
New York,4/1/20,45.5,28.3,53.2,12,29.8,0,4
New York,4/2/20,49.2,28,44.8,19.5,29.7,0,4
New York,4/3/20,49.6,38.2,65.2,18.9,29.7,0,4
New York,4/4/20,50.9,40.1,67.5,9,29.9,0.08,4
New York,4/5/20,52.8,43.3,71.1,6.1,30,0,4
New York,4/6/20,55.8,33,47.4,9,30,0.06,4
New York,4/7/20,57.4,29.9,36.9,9.6,29.8,0,4
New York,4/8/20,53.7,45.5,74.9,7.3,29.5,0.23,4
New York,4/9/20,52.8,41.4,67.8,14.4,29.3,0,4
New York,4/10/20,44.2,26.4,50.9,21.6,29.4,0.27,4
New York,4/11/20,47.8,18.8,32.7,14.2,29.9,0,4
New York,4/12/20,53.4,34,49.4,10.3,30.1,0,4
New York,4/13/20,58.4,53.1,83.6,19.3,29.7,0.61,4
New York,4/14/20,52.5,29.9,43.1,12.7,30,1.11,4
New York,4/15/20,48,21.6,38.8,12.7,29.9,0,4
New York,4/16/20,45.6,19.5,36.8,18.5,30.1,0,4
New York,4/17/20,43.9,22,44.8,10.9,30.2,0,4
New York,4/18/20,44.3,36.9,76.5,11.1,29.8,0.18,4
New York,4/19/20,52.7,27.4,38.6,12.4,29.8,0.08,4
New York,4/20/20,52.7,29.8,42.7,7.1,29.6,0,4
New York,4/21/20,50.8,38.2,63.1,15.7,29.5,0,4
New York,4/22/20,44.3,15.5,32.4,18.8,29.8,0.33,4
New York,4/23/20,45.1,21.4,39.5,7.6,30,0,4
New York,4/24/20,47,42.5,84.5,12.2,29.8,0.41,4
New York,4/25/20,53.2,37,58.5,5.4,30,0.2,4
New York,4/26/20,47.6,41.6,80.4,16.2,29.8,0,4
New York,4/27/20,45,36,71.3,14.1,29.9,0.07,4
New York,4/28/20,52.3,34,53.1,9.4,30.1,0,4
New York,4/29/20,50,42.7,76.6,12.1,30.2,0,4
New York,4/30/20,55.2,50.3,83.7,17.8,30,0.23,4
New York,5/1/20,58.1,52,81.1,8.5,29.7,0.73,4
New York,5/2/20,63.6,36.3,38.7,11.8,29.9,0.14,4
New York,5/3/20,68.7,46.6,48.7,9.8,29.7,0.03,4
New York,5/4/20,62.5,38.8,42.3,14.9,29.7,0,4
New York,5/5/20,54.7,23.8,33.6,11.1,29.9,0,4
New York,5/6/20,49.4,39.3,68.3,10,29.8,0,4
New York,5/7/20,57.8,28,37.4,10,29.7,0.03,4
New York,5/8/20,48.8,33.9,59.9,9.1,29.7,0,4
New York,5/9/20,41.4,24.1,53.2,22.2,29.8,0.41,4
New York,5/10/20,53.7,22.7,31.4,15.5,30,0,4
New York,5/11/20,53.7,38.4,57,13.6,29.8,0,4
New York,5/12/20,52,24.3,37.7,17.1,30,0.1,4
New York,5/13/20,52.2,27.5,40.9,10.8,30.2,0,4
New York,5/14/20,58.6,36.8,47.1,8.7,30.2,0,4
New York,5/15/20,73.4,55.1,55,11.2,29.9,0.01,4
New York,5/16/20,69.5,50.7,53,10.9,30,0.03,4
New York,5/17/20,59.5,43.4,56.7,9.9,30.2,0,4
New York,5/18/20,59.3,46.5,63.1,10.1,30.1,0,4
New York,5/19/20,60.2,36.3,43.8,16.7,30.2,0,4
New York,5/20/20,56.5,34.2,44.4,12.7,30.4,0,4
New York,5/21/20,55.6,43.1,63.7,7.3,30.4,0,4
New York,5/22/20,65.7,56.4,73.4,6.9,30.1,0,4
New York,5/23/20,62.1,58,86.9,8.6,30,0.01,4
New York,5/24/20,59.5,46.5,62.3,12.1,30.2,0.33,4
New York,5/25/20,59.9,53.9,81,9.6,30.2,0.01,4
New York,5/26/20,63.3,56.8,80.5,6.4,30.2,0,4
New York,5/27/20,65.5,59,80.5,7.2,30.2,0,4
New York,5/28/20,68,63.2,84.4,10.2,30.1,0,4
New York,5/29/20,71.4,64.2,78.8,9.9,29.9,0,4
New York,5/30/20,73.7,53.7,54.4,11.1,29.9,0.01,4
New York,5/31/20,64.5,36.9,37,15.8,30,0,4
New York,6/1/20,62.8,35.2,36.6,10.4,30.1,0,4
New York,6/2/20,69.5,40.7,35.5,8.3,29.9,0,4
New York,6/3/20,72.4,59.8,65.7,9.2,29.6,0.07,4
New York,6/4/20,77.3,59.8,57,6.9,29.8,0.12,4
New York,6/5/20,74.2,66.3,76.6,8.6,29.9,0.31,4
New York,6/6/20,78.2,61.9,62,8.2,29.7,0.11,4
New York,6/7/20,71.4,45.3,40.3,11.4,29.9,0.1,4
New York,6/8/20,72,44.9,39,7.2,30,0,4
New York,6/9/20,81.2,52.1,37,8.4,29.9,0,3
New York,6/10/20,75.5,62,63.3,12.4,29.9,0,3
New York,6/11/20,74,65.9,76.2,11.1,30,0,3
New York,6/12/20,78.7,52.3,44.2,8.3,30,0.05,3
New York,6/13/20,68.7,42.5,39.7,10.7,30.1,0,3
New York,6/14/20,65,42.1,43.9,8.9,30.3,0,3
New York,6/15/20,67.9,48.7,51.8,8.7,30.4,0,3
New York,6/16/20,70.6,49.2,49,8.3,30.3,0,3
New York,6/17/20,69.7,57.3,66.1,9.8,30.2,0,3
New York,6/18/20,69.8,63,79.3,7.5,30.1,0,3
New York,6/19/20,73.6,62.7,70.7,7.3,30.1,0,3
New York,6/20/20,78.8,63.4,59.7,7.1,30,0,3
New York,6/21/20,79.6,63.4,58.7,7,30,0,3
New York,6/22/20,82.6,63.8,54.5,7.9,29.9,0,3
New York,6/23/20,80.8,65.7,60.8,11,29.8,0,3
New York,6/24/20,81.9,58.2,48.1,11.2,29.7,0,3
New York,6/25/20,80.2,52.5,39.3,8.9,29.9,0,3
New York,6/26/20,81.1,53.8,42,9.1,29.9,0,3
New York,6/27/20,79.6,62.2,56.2,6.2,29.8,0,3
New York,6/28/20,81.8,66.5,61.4,6.1,29.7,0.25,3
New York,6/29/20,78.5,63,60.7,9.2,29.8,0.02,3
New York,6/30/20,73.9,61.8,66.3,7.2,29.9,0.07,3
New York,7/1/20,75.8,62.9,65.3,7.1,29.8,0,3
New York,7/2/20,82,61.1,51.8,5.7,29.8,0,3
New York,7/3/20,79.8,66.7,66.2,8.8,29.8,0,3
New York,7/4/20,75.1,63.9,69.7,9.1,29.9,0.36,3
New York,7/5/20,82.5,64,56.9,7.8,29.9,0,3
New York,7/6/20,82.3,63.4,56.3,8.8,30,0,3
New York,7/7/20,76,67.5,75,10.1,30.1,0.05,2
New York,7/8/20,81.6,69.6,67.4,8.8,30,0,2
New York,7/9/20,83.2,68,61.6,8.2,30,0.01,2
New York,7/10/20,75.8,71.3,86,16.3,29.8,0,2
New York,7/11/20,80.5,70.8,72.9,12.1,29.6,2.47,2
New York,7/12/20,83.3,61.3,49.1,11.5,29.7,0.04,2
New York,7/13/20,82.9,60.7,48.5,8.8,29.8,0.05,2
New York,7/14/20,80.3,59.2,49.6,10.2,29.9,0,2
New York,7/15/20,75.5,63.5,66.9,9.9,30.1,0,2
New York,7/16/20,74.4,59.1,59.2,10.3,30.3,0,2
New York,7/17/20,77.6,67.1,70.6,8.7,30.1,0.02,2
New York,7/18/20,82.7,64.5,58.7,6.1,30,0.02,2
New York,7/19/20,87.7,67.4,51.8,10.4,29.9,0,2
New York,7/20/20,89.4,67.8,50.5,9,29.8,0,1
New York,7/21/20,86,62.4,45.9,7.9,30,0,1
New York,7/22/20,82.4,70.7,68.5,9.2,30,0.05,1
New York,7/23/20,82.6,69.9,66.3,9.9,30,0.79,1
New York,7/24/20,77.7,68.8,74.4,7.4,30,0.05,1
New York,7/25/20,83,68.2,63,6,30,0.26,1
New York,7/26/20,88.1,63.5,47.3,9.7,29.9,0,1
New York,7/27/20,90.2,62.4,40,11.1,29.8,0,1
New York,7/28/20,88.5,67.2,49.6,10.9,29.8,0,1
New York,7/29/20,84.5,67.4,56.7,8.3,29.9,0,1
New York,7/30/20,86.8,61.6,43.8,7.1,29.8,0,1
New York,7/31/20,76.8,66.8,72.3,6.2,29.8,0.57,1
New York,8/1/20,81.4,64.9,58.9,7.7,29.9,0,1
New York,8/2/20,83.7,72.6,69.5,14,29.9,0,1
New York,8/3/20,83.5,65,55.4,13,30,0,1
New York,8/4/20,78.1,69.3,75.3,16.4,29.8,0.53,1
New York,8/5/20,82.8,62.2,52.2,8.7,30,0.27,1
New York,8/6/20,77.7,60.3,55.6,6.3,30.1,0,1
New York,8/7/20,74.9,64.9,71.3,8.3,30.1,0.22,1
New York,8/8/20,76.6,66.8,72,5.8,30.1,0.22,1
New York,8/9/20,81,68,65.8,8.5,30.1,0,1
New York,8/10/20,85.4,69.5,60.4,8.6,30,0,1
New York,8/11/20,83.7,71.6,67.5,9.7,29.9,0,1
New York,8/12/20,82.6,72.5,71.8,7,30,0,1
New York,8/13/20,77.8,69.1,74.9,6.1,30.1,1.49,1
New York,8/14/20,79.9,66.3,64.7,8.6,30,0.11,1
New York,8/15/20,77.5,59.7,54.8,11.7,30,0,1
New York,8/16/20,70.6,62.6,75.5,14.7,29.9,0.03,1
New York,8/17/20,72.8,61.6,68.7,8.3,29.9,0.1,1
New York,8/18/20,76.3,59.9,59.4,7.5,29.8,0.97,1
New York,8/19/20,72.5,61.9,69.5,5.9,29.9,0.01,1
New York,8/20/20,74.4,53.3,49.6,6.9,30,0.13,1
New York,8/21/20,79.1,62.1,56.7,10.7,29.9,0,1
New York,8/22/20,83.5,65.7,56,8.4,29.9,0,1
New York,8/23/20,81.5,68,64,7.1,30,0,1
New York,8/24/20,85,67.1,56.6,8.1,29.9,0,1
New York,8/25/20,82.8,63.9,53.6,11.1,29.8,0,1
New York,8/26/20,74.9,51.8,45.1,13.4,29.9,0.36,1
New York,8/27/20,80.8,63.3,56.1,9.9,29.7,0.05,1
New York,8/28/20,80,64.8,60.8,9.5,29.8,0.38,1
New York,8/29/20,78,69.5,75.4,9.9,29.6,0.02,1
New York,8/30/20,75.3,53.8,47.8,14.8,29.7,0.01,1
New York,8/31/20,72.1,55.9,57.1,7.5,30.1,0,1
New York,9/1/20,72.5,63,72.7,8.7,30.1,0.18,1
New York,9/2/20,74.8,68.8,81.8,8,29.9,0,1
New York,9/3/20,78.6,66,68.7,6.6,29.8,0.04,1
New York,9/4/20,79.3,61.2,56.7,9,29.9,1.16,1
New York,9/5/20,74.6,49,42.1,8,30.1,0,1
New York,9/6/20,76.3,55.8,49.7,8.7,30.1,0,1
New York,9/7/20,75.1,60.2,60.3,8.7,30.1,0,1
New York,9/8/20,76,63.7,66.4,6.9,30.1,0,1
New York,9/9/20,75.7,66.7,73.9,6.4,30.3,0,1
New York,9/10/20,77.3,71.5,82.6,6.4,30.2,0.53,1
New York,9/11/20,74.2,60.6,63.5,9.1,30.1,0.96,1
New York,9/12/20,67.3,53.6,62.1,11.1,30.3,0,1
New York,9/13/20,71.2,60,68,9.5,30.1,0,1
New York,9/14/20,72.8,54.1,53.2,13.4,30.1,0,1
New York,9/15/20,61.4,43,51.2,9.5,30.3,0,1
New York,9/16/20,67,51.4,57.5,8.3,30.2,0,1
New York,9/17/20,71.8,60.5,68,6.7,30,0,1
New York,9/18/20,66.5,51.1,59.2,13.5,29.9,0,1
New York,9/19/20,58.3,30.2,35.4,12,30.3,0,1
New York,9/20/20,58.7,31.7,37,12.5,30.5,0,1
New York,9/21/20,59.5,34.7,40.5,8.7,30.5,0,1
New York,9/22/20,63.7,37.4,39.2,11.6,30.1,0,1
New York,9/23/20,71.5,48,43.6,10.8,29.8,0,1
New York,9/24/20,72.1,52,50,5.8,29.9,0,1
New York,9/25/20,70.5,58.6,67,5.1,30.1,0,1
New York,9/26/20,71.5,61.7,71.9,7.4,30.1,0,1
New York,9/27/20,73.4,65.7,77.2,7.1,29.9,0,1
New York,9/28/20,72.9,65.6,78.3,11.6,29.9,0.04,1
New York,9/29/20,72.1,67.2,84.2,11.3,29.8,0,1
New York,9/30/20,67.7,54.6,65.8,15.4,29.6,1.19,1
New York,10/1/20,67.8,48.3,51.1,9.4,29.9,0,1
New York,10/2/20,62.4,44.8,53.9,9.2,30,0.02,1
New York,10/3/20,61.5,41.2,48.7,7.5,30.1,0.01,1
New York,10/4/20,60.7,45.5,57.9,8.3,30.2,0,1
New York,10/5/20,62.5,49.6,63.3,7.1,30.1,0,1
New York,10/6/20,64.8,48.5,57.7,7.6,30.1,0,1
New York,10/7/20,67.6,49.6,54.2,14.5,29.7,0,1
New York,10/8/20,60.3,39.7,46.8,14.9,29.9,0.02,1
New York,10/9/20,62.6,40.6,44.9,6.7,30.1,0,1
New York,10/10/20,66.9,53.6,62.5,12.1,30,0,1
New York,10/11/20,65.6,52.3,62.5,10.7,30.1,0,1
New York,10/12/20,54.8,50.4,85,18.9,30.1,0.19,1
New York,10/13/20,57.8,53.8,86.6,14.9,29.9,0.9,1
New York,10/14/20,62.2,43.1,51.3,9.1,29.9,0.13,1
New York,10/15/20,65.2,53.2,65.5,11.8,30,0,1
New York,10/16/20,58.4,52.5,81,10,30,0,1
New York,10/17/20,54.5,34.1,49.5,7.9,30.3,1.46,1
New York,10/18/20,57.1,42.6,59.5,6.3,30.4,0,1
New York,10/19/20,60.5,50.4,70,5.8,30.3,0,1
New York,10/20/20,64.3,59,83,5,30.2,0.01,1
New York,10/21/20,65.3,61.2,86.9,5.8,30.2,0,1
New York,10/22/20,66.9,62.3,85.2,3.3,30.2,0,1
New York,10/23/20,65.7,60.4,83.3,6.4,30.1,0,1
New York,10/24/20,63.9,53.5,69.5,9.9,29.9,0,1
New York,10/25/20,50.7,35.8,57.3,10.7,30.2,0,1
New York,10/26/20,56.2,52.3,87,8.3,30.1,0.02,1
New York,10/27/20,57.3,49.5,76.7,7.3,30.1,0.03,1
New York,10/28/20,55.4,49.1,80.1,6.1,30,0.05,1
New York,10/29/20,51.8,46.6,83,15.1,29.7,0.11,1
New York,10/30/20,41.8,36.6,82.1,14.7,29.9,1.99,1
New York,10/31/20,41.8,28,59.5,6.3,30.4,0.22,1
Los Angeles,1/15/20,51.1,40,67.1,2.1,29.2,0,0
Los Angeles,1/16/20,49.1,41.6,75.8,6.1,29.2,0,0
Los Angeles,1/17/20,49.7,42.6,78.3,3.9,29.3,0.14,0
Los Angeles,1/18/20,55.2,29.6,40.8,3.5,29.3,0,0
Los Angeles,1/19/20,57.8,28.5,35.1,2.5,29.3,0,0
Los Angeles,1/20/20,55.8,42.6,62,3.8,29.2,0,0
Los Angeles,1/21/20,54.6,45.9,73,3.8,29.3,0,0
Los Angeles,1/22/20,53.6,44.9,73.5,2.6,29.3,0,0
Los Angeles,1/23/20,59.3,41,55.5,3.5,29.3,0,0
Los Angeles,1/24/20,59.8,38.5,47.8,3.2,29.2,0,0
Los Angeles,1/25/20,57.6,44,63.6,4.8,29.2,0,0
Los Angeles,1/26/20,54.9,47.3,76.4,3.9,29.3,0,0
Los Angeles,1/27/20,60.8,38.7,50.2,7.7,29.3,0,0
Los Angeles,1/28/20,63.8,26.3,25.8,7.7,29.3,0,0
Los Angeles,1/29/20,63,20.6,22.9,8.3,29.2,0,0
Los Angeles,1/30/20,59.5,23.8,26.9,3,29.3,0,0
Los Angeles,1/31/20,62.9,30.5,32.8,3.3,29.4,0,0
Los Angeles,2/1/20,65.5,32.3,31.3,2.5,29.3,0,0
Los Angeles,2/2/20,57.8,37,48.8,6.5,29.1,0,0
Los Angeles,2/3/20,50.7,10.5,22,16.6,29.1,0,0
Los Angeles,2/4/20,51.3,-8.1,9.7,9.2,29.3,0,0
Los Angeles,2/5/20,48.2,19.2,34,3.5,29.3,0,0
Los Angeles,2/6/20,51.2,30.5,47.7,2.8,29.3,0,0
Los Angeles,2/7/20,54.1,37.6,55.4,2.1,29.2,0,0
Los Angeles,2/8/20,54.1,41.2,64.4,3.3,29.1,0,0
Los Angeles,2/9/20,53.1,42.4,69.8,9.6,29,0,0
Los Angeles,2/10/20,62.3,21.6,21.6,14.6,29,0.02,0
Los Angeles,2/11/20,62,17.9,21.4,7.5,29.2,0,0
Los Angeles,2/12/20,53.3,32.3,45.8,3,29.2,0,0
Los Angeles,2/13/20,55,35.9,51.5,3,29.2,0,0
Los Angeles,2/14/20,55,35.8,50.3,2.3,29.2,0,0
Los Angeles,2/15/20,55.5,38.7,55.8,2.5,29.3,0,0
Los Angeles,2/16/20,56.5,40.6,57.2,4,29.2,0,0
Los Angeles,2/17/20,57.8,43.3,60.8,4.7,29.1,0,0
Los Angeles,2/18/20,55.7,47.6,76.7,4.3,29.1,0,0
Los Angeles,2/19/20,57.9,47.6,69.9,3.7,29.2,0,0
Los Angeles,2/20/20,62.3,36.3,42.9,3.5,29.2,0,0
Los Angeles,2/21/20,63.1,39.7,47.4,7.3,29.2,0,0
Los Angeles,2/22/20,57.1,46.2,68,6.9,29.2,0.02,0
Los Angeles,2/23/20,56.3,45.7,68.6,3.8,29.4,0.02,0
Los Angeles,2/24/20,57.8,46.3,66.9,1.8,29.3,0,0
Los Angeles,2/25/20,64.3,30.8,33.3,3.4,29.3,0,0
Los Angeles,2/26/20,63,22.9,24.1,3.3,29.4,0,0
Los Angeles,2/27/20,67.1,25.6,24,2,29.3,0,0
Los Angeles,2/28/20,69.6,24.4,21.2,3.5,29.3,0,0
Los Angeles,2/29/20,59.4,41.1,53.5,7,29.2,0,0
Los Angeles,3/1/20,54.3,42,64.1,9.7,29.1,0,0
Los Angeles,3/2/20,59.9,24.1,30.2,8.9,29.1,0,0
Los Angeles,3/3/20,66.6,25.1,23.3,6.3,29.1,0,0
Los Angeles,3/4/20,60.1,46,61.3,4.9,29.3,0,0
Los Angeles,3/5/20,63.9,43.9,53.2,3.7,29.3,0,0
Los Angeles,3/6/20,59.2,48.2,68.1,6.1,29.2,0,0
Los Angeles,3/7/20,55.8,44.9,67.5,7.3,29.1,0,0
Los Angeles,3/8/20,54.6,42,65,4.4,29.2,0,0
Los Angeles,3/9/20,57.9,37.6,49.6,4.2,29.2,0,0
Los Angeles,3/10/20,59.7,55,84.3,9.8,29.2,0.1,0
Los Angeles,3/11/20,60.8,52.6,76.4,5.6,29.2,0.24,0
Los Angeles,3/12/20,54,47.6,79.2,5.2,29,0,0
Los Angeles,3/13/20,52.1,49.3,90.4,4.8,29.1,1.94,0
Los Angeles,3/14/20,53.7,49.9,87,6.8,29.3,0.49,0
Los Angeles,3/15/20,54.4,44.3,70.6,6.2,29.3,0.1,0
Los Angeles,3/16/20,51.5,44.8,78.6,8.6,29.1,0.01,0
Los Angeles,3/17/20,48,38.3,71,3.5,29.1,0.64,0
Los Angeles,3/18/20,51.3,34.5,55,5.5,29,0,0
Los Angeles,3/19/20,52,41.8,68.8,6.3,29.2,0,0
Los Angeles,3/20/20,55.8,43.4,63.8,5.5,29.3,0.01,4
Los Angeles,3/21/20,57.5,45,64.4,3.4,29.3,0,4
Los Angeles,3/22/20,55.2,47.2,76.3,6.7,29.2,0,4
Los Angeles,3/23/20,55.5,47.6,76.2,5.3,29.3,1.02,4
Los Angeles,3/24/20,54.1,43.6,69,4.1,29.3,0,4
Los Angeles,3/25/20,54.9,40.9,60,7.5,29.2,0,4
Los Angeles,3/26/20,50.5,32.1,52.2,5.3,29.1,0,4
Los Angeles,3/27/20,54.3,30.9,43.3,7.1,29.2,0,4
Los Angeles,3/28/20,54.1,38.4,57.1,3.5,29.3,0,4
Los Angeles,3/29/20,56,42.7,62.2,5,29.2,0,4
Los Angeles,3/30/20,59.2,42.8,57.8,3.2,29.3,0,4
Los Angeles,3/31/20,64.3,44.1,51.5,4.1,29.2,0,4
Los Angeles,4/1/20,62.7,48.7,61.4,6.7,29,0,4
Los Angeles,4/2/20,60.3,47.1,63.1,5.2,29.1,0,4
Los Angeles,4/3/20,58.2,43.9,60.6,5.2,29.1,0,4
Los Angeles,4/4/20,57.1,46.7,69,6.7,29.1,0,4
Los Angeles,4/5/20,55.5,47,73.5,9.4,29,0,4
Los Angeles,4/6/20,53.9,48.1,81.5,9.2,29.1,0.44,4
Los Angeles,4/7/20,51.8,45,79.3,3.7,29.2,0.73,4
Los Angeles,4/8/20,51.2,42.8,74.1,5.7,29.2,0.58,4
Los Angeles,4/9/20,49.5,44.1,81.9,6.3,29.3,0.09,4
Los Angeles,4/10/20,52.8,44.3,74.1,2.3,29.1,1.23,4
Los Angeles,4/11/20,57.4,47.4,70.8,6.2,29.1,0.08,4
Los Angeles,4/12/20,55.8,50.3,81.9,5.6,29.2,0,4
Los Angeles,4/13/20,57.1,49,75.3,4.1,29.3,0.06,4
Los Angeles,4/14/20,63.1,40.1,51.9,3.8,29.3,0,4
Los Angeles,4/15/20,67.4,34,31,4.3,29.2,0,4
Los Angeles,4/16/20,62,45.3,56.4,6.6,29.1,0,4
Los Angeles,4/17/20,57.5,47.5,69.8,6.7,29.1,0,4
Los Angeles,4/18/20,58.3,47.2,67,3.5,29.2,0,4
Los Angeles,4/19/20,58.5,46.1,64.3,4.6,29.2,0,4
Los Angeles,4/20/20,59.5,48.3,66.8,4.7,29.2,0,4
Los Angeles,4/21/20,62.9,47.6,60,6.5,29.2,0,4
Los Angeles,4/22/20,72.7,43.8,40.7,7.4,29.2,0,4
Los Angeles,4/23/20,80,44,29.1,9.3,29.1,0,4
Los Angeles,4/24/20,82.1,45.1,32.3,4.9,29.1,0,4
Los Angeles,4/25/20,79.1,50.4,38.7,5.5,29.1,0,4
Los Angeles,4/26/20,75.2,51.4,45.3,5.5,29.1,0,4
Los Angeles,4/27/20,72,54,55.2,6.3,29.1,0,4
Los Angeles,4/28/20,72,55.4,57.3,5,29.1,0,4
Los Angeles,4/29/20,66.1,57,73.5,5.9,29.1,0,4
Los Angeles,4/30/20,67.4,57.1,70.8,7.7,29.1,0,4
Los Angeles,5/1/20,67.5,53.3,63.1,8.8,29.1,0,4
Los Angeles,5/2/20,66.6,52.3,62.4,6.6,29.1,0,4
Los Angeles,5/3/20,66.9,51.7,58.8,6.1,29.2,0,4
Los Angeles,5/4/20,71.1,52,53.2,5.5,29.1,0,4
Los Angeles,5/5/20,79,40,28.9,4.1,29.1,0,4
Los Angeles,5/6/20,80.1,41.7,27,3.3,29.1,0,4
Los Angeles,5/7/20,79.2,43.3,29.1,4.7,29,0,4
Los Angeles,5/8/20,73.7,52,48.3,5.2,29.1,0,3
Los Angeles,5/9/20,67.6,57,70.5,6.1,29.1,0,3
Los Angeles,5/10/20,63.9,55.6,75.6,6.3,29.1,0,3
Los Angeles,5/11/20,64.9,52.1,64.3,5.7,29.1,0,3
Los Angeles,5/12/20,62.7,49.4,62.3,6.5,29.1,0,3
Los Angeles,5/13/20,63.5,46,54.1,6.3,29.1,0,3
Los Angeles,5/14/20,67.4,48.6,53.5,7,29.1,0,3
Los Angeles,5/15/20,68.3,52.3,58.2,7.8,29.1,0,3
Los Angeles,5/16/20,70.3,51.1,52,5.9,29,0,3
Los Angeles,5/17/20,68.4,52.8,58.3,6.7,29.1,0,3
Los Angeles,5/18/20,63.1,54.7,75.4,8.8,29.1,0,3
Los Angeles,5/19/20,62.1,44.7,54.9,5.6,29.1,0.3,3
Los Angeles,5/20/20,64,47.3,56.7,6.3,29.2,0,3
Los Angeles,5/21/20,71.5,42.9,41.1,4.5,29.1,0,3
Los Angeles,5/22/20,65.7,52.6,64.3,8.1,29,0,3
Los Angeles,5/23/20,65.1,50.5,60.1,7.2,29.1,0,3
Los Angeles,5/24/20,68.2,53.4,60.7,4.8,29.1,0,3
Los Angeles,5/25/20,72.7,54.5,55.5,5.1,29.1,0,3
Los Angeles,5/26/20,74.1,54.7,53.8,5.5,29.1,0,3
Los Angeles,5/27/20,71.6,56,60,6.3,29.1,0,3
Los Angeles,5/28/20,67.3,56.4,69.9,6.8,29.1,0,3
Los Angeles,5/29/20,64.5,56,74.4,6.5,29.1,0,3
Los Angeles,5/30/20,65.4,52.1,63,5.1,29.1,0,3
Los Angeles,5/31/20,66.1,52.4,62.4,4.3,29.1,0,3
Los Angeles,6/1/20,75.2,49,43.6,6.8,29.1,0,3
Los Angeles,6/2/20,74,51.7,46.6,5,29.1,0,3
Los Angeles,6/3/20,79.6,53,43.1,6,29.1,0,3
Los Angeles,6/4/20,68.6,57.5,68.8,8.2,29,0,3
Los Angeles,6/5/20,63.5,53.8,71.1,6.2,29,0,3
Los Angeles,6/6/20,65.2,52.7,64.5,6.7,29.1,0,3
Los Angeles,6/7/20,68.5,39.6,42.3,8.5,29.1,0,3
Los Angeles,6/8/20,75.2,19.9,14.4,13.9,29.1,0,3
Los Angeles,6/9/20,79.6,21.3,13.7,5,29.2,0,3
Los Angeles,6/10/20,82.4,29.2,16.6,3.8,29.1,0,3
Los Angeles,6/11/20,78.6,40.6,28.3,5.9,29.1,0,3
Los Angeles,6/12/20,67.9,54.4,63.9,7.7,29.2,0,2
Los Angeles,6/13/20,67.9,50.1,55.2,7,29.1,0,2
Los Angeles,6/14/20,68.8,50.8,53.5,7.1,29.1,0,2
Los Angeles,6/15/20,69.3,54.7,61.2,6.7,29.1,0,2
Los Angeles,6/16/20,66.6,55.6,68.6,7,29.1,0,2
Los Angeles,6/17/20,67.5,54.7,64.4,6.8,29.1,0,2
Los Angeles,6/18/20,65,54.9,70.8,6.1,29.1,0,2
Los Angeles,6/19/20,66.2,54.4,66.5,5.5,29.1,0,2
Los Angeles,6/20/20,64.2,55.4,73.9,6,29.1,0,2
Los Angeles,6/21/20,66.9,56.1,69.4,5.2,29.1,0,2
Los Angeles,6/22/20,68.5,57.6,70.3,5.6,29.1,0,2
Los Angeles,6/23/20,68.5,58.3,71.9,6.4,29.1,0,2
Los Angeles,6/24/20,67.4,57.5,72.7,5.5,29,0,2
Los Angeles,6/25/20,68.6,57.4,68.6,6.6,29,0,2
Los Angeles,6/26/20,69.3,56.3,65.9,6.5,29.1,0,2
Los Angeles,6/27/20,68.4,57.1,69.1,7.7,29.1,0,2
Los Angeles,6/28/20,65.6,56.1,71.6,8.7,29,0,2
Los Angeles,6/29/20,65.6,53.3,65.5,7.8,29,0,2
Los Angeles,6/30/20,66.5,54.4,66.1,5.2,29.1,0,2
Los Angeles,7/1/20,66.6,55.4,68.1,6.6,29.1,0,2
Los Angeles,7/2/20,67.9,55.1,65.5,5.7,29.1,0,2
Los Angeles,7/3/20,75.3,48.4,44.6,4.3,29.1,0,2
Los Angeles,7/4/20,77.1,52.8,45.5,6,29.1,0,2
Los Angeles,7/5/20,75.2,50.4,44.3,5.1,29.1,0,2
Los Angeles,7/6/20,79.1,49.4,36.5,5.4,29,0,2
Los Angeles,7/7/20,76.7,55.5,49.6,6.9,29,0,2
Los Angeles,7/8/20,72.7,56.5,58,7.2,29,0,2
Los Angeles,7/9/20,72.2,55.9,60.4,6.3,29.1,0,2
Los Angeles,7/10/20,77.8,54,50.3,4.8,29.1,0,2
Los Angeles,7/11/20,83,49.5,37.5,5.3,29.1,0,2
Los Angeles,7/12/20,81.3,53.5,40.9,6.3,29.1,0,2
Los Angeles,7/13/20,76.1,58.8,56.4,7.1,29.1,0,2
Los Angeles,7/14/20,70.5,58.1,65.9,6.3,29.1,0,2
Los Angeles,7/15/20,68.7,56.7,67.5,6.9,29.1,0,2
Los Angeles,7/16/20,68,56.1,67.7,6.3,29.1,0,2
Los Angeles,7/17/20,70.9,56.8,62.6,6.2,29.1,0,2
Los Angeles,7/18/20,72.8,56.4,58.4,6,29.1,0,2
Los Angeles,7/19/20,72.7,56,58.4,5.9,29.1,0,2
Los Angeles,7/20/20,71.8,55.7,58.9,6.8,29.1,0,2
Los Angeles,7/21/20,71.4,56.4,60.6,6.7,29,0,2
Los Angeles,7/22/20,66,55.7,70.7,7.4,29,0,2
Los Angeles,7/23/20,65.8,54.9,69.3,6.7,29.1,0,2
Los Angeles,7/24/20,67.8,55.4,66,5.6,29.1,0,2
Los Angeles,7/25/20,68.5,56.5,68,5.8,29.1,0,2
Los Angeles,7/26/20,73.4,55.1,56.7,5.4,29.1,0,2
Los Angeles,7/27/20,70.9,55,59,6.2,29.1,0,2
Los Angeles,7/28/20,70.8,54.9,60,6.3,29.1,0,2
Los Angeles,7/29/20,71.8,55.8,59.8,5.5,29.1,0,2
Los Angeles,7/30/20,77.3,55,50.7,4.7,29.1,0,2
Los Angeles,7/31/20,84,48.7,33.4,4.3,29.1,0,2
Los Angeles,8/1/20,80.8,54,41.1,5.8,29.1,0,2
Los Angeles,8/2/20,77.5,57.6,52.4,6.1,29.1,0,2
Los Angeles,8/3/20,73.8,60,65.2,6.4,29.1,0,2
Los Angeles,8/4/20,69.9,60.2,72.7,7,29.1,0,2
Los Angeles,8/5/20,69,58.7,70.6,6.5,29.1,0,2
Los Angeles,8/6/20,69.1,56.9,66.4,6.4,29.1,0,2
Los Angeles,8/7/20,71,55,59.3,6.5,29.1,0,2
Los Angeles,8/8/20,72.5,54.4,55.5,5.2,29.1,0,2
Los Angeles,8/9/20,72.1,55.4,58.5,6.4,29.1,0,2
Los Angeles,8/10/20,71.9,54.9,59,5.9,29.1,0,2
Los Angeles,8/11/20,72.5,52.8,54.3,5.7,29.1,0,2
Los Angeles,8/12/20,76.8,48.8,42.7,4.8,29.1,0,2
Los Angeles,8/13/20,81.4,51,37.8,5.8,29.1,0,2
Los Angeles,8/14/20,87,53.8,33.3,4.4,29,0,2
Los Angeles,8/15/20,88.8,59.2,39,6.5,29,0,2
Los Angeles,8/16/20,82.7,61.3,50.7,7.1,29.1,0,2
Los Angeles,8/17/20,84,62.6,51.1,5.6,29.1,0,2
Los Angeles,8/18/20,86,61.9,48.5,6.5,29.1,0,2
Los Angeles,8/19/20,84.7,62.3,48.5,5.4,29,0,2
Los Angeles,8/20/20,83.3,60.9,48.8,5.4,28.9,0,2
Los Angeles,8/21/20,82.2,64,55.2,4.3,29,0,2
Los Angeles,8/22/20,83.1,60.6,49,6.6,29,0,2
Los Angeles,8/23/20,81.3,64,56.5,5,29,0,2
Los Angeles,8/24/20,78.3,65.2,66.2,6.5,29,0,2
Los Angeles,8/25/20,79.7,62.4,58.9,4.8,29,0,2
Los Angeles,8/26/20,80,61,55.1,5,28.9,0,2
Los Angeles,8/27/20,80.3,58.7,50.6,5,28.9,0,2
Los Angeles,8/28/20,75.9,55.8,52.3,6.8,29,0,2
Los Angeles,8/29/20,67.4,53.5,61.5,6.2,29,0,2
Los Angeles,8/30/20,68.3,56.5,68.7,6.5,29,0,2
Los Angeles,8/31/20,67.3,56.9,71.8,5.7,29,0,2
Los Angeles,9/1/20,67.8,57.6,71.9,4.5,29.1,0,2
Los Angeles,9/2/20,71.1,57.9,65.5,5.7,29.1,0,2
Los Angeles,9/3/20,74.2,58.7,60.4,4.5,29.1,0,2
Los Angeles,9/4/20,79.4,58.9,51.9,3.1,29.1,0,2
Los Angeles,9/5/20,94,50.5,29.9,4.9,29.1,0,2
Los Angeles,9/6/20,97.4,46.3,20.3,4.9,29,0,2
Los Angeles,9/7/20,81.8,60,49.1,5.3,28.9,0,2
Los Angeles,9/8/20,72.9,63.8,73.5,5.3,28.9,0,2
Los Angeles,9/9/20,75.2,50.8,47.3,3.5,29,0,2
Los Angeles,9/10/20,73.7,39.9,31.9,1.3,29.1,0,2
Los Angeles,9/11/20,73.5,37.3,28.5,2.1,29.1,0,2
Los Angeles,9/12/20,73.5,41.8,33.8,1,29.1,0,2
Los Angeles,9/13/20,74.4,46.3,39.7,2.8,29.1,0,2
Los Angeles,9/14/20,76,49.5,41.9,3.5,29.1,0,2
Los Angeles,9/15/20,77.7,45.7,35.2,2.8,29.2,0,2
Los Angeles,9/16/20,80.9,32.5,20.8,3.2,29.1,0,2
Los Angeles,9/17/20,78.5,29.4,19,2.5,29.1,0,2
Los Angeles,9/18/20,82.1,34.9,20.6,3.8,29,0,2
Los Angeles,9/19/20,77.8,51,41,4.8,29,0,2
Los Angeles,9/20/20,72.5,53.5,53.7,5.1,29,0,2
Los Angeles,9/21/20,70.7,58.6,69.1,5.5,29.1,0,2
Los Angeles,9/22/20,71.7,55,63.4,4.4,29.2,0,2
Los Angeles,9/23/20,74.4,52.3,48.9,3,29.2,0,2
Los Angeles,9/24/20,75.5,50.3,43.1,5,29.1,0,2
Los Angeles,9/25/20,69.9,56.4,65.2,4,29.1,0,2
Los Angeles,9/26/20,69.8,60.1,73.5,4.8,29.1,0,2
Los Angeles,9/27/20,69.5,61,76.6,4.8,29.1,0,2
Los Angeles,9/28/20,74.5,58.6,64.6,3.5,29.1,0,2
Los Angeles,9/29/20,82,49.2,41.3,3.1,29.1,0,2
Los Angeles,9/30/20,87.5,36.5,18.3,5,29.1,0,2
Los Angeles,10/1/20,87.5,36.9,18.9,2.8,29.1,0,2
Los Angeles,10/2/20,82.9,42.5,25.8,4.2,29,0,2
Los Angeles,10/3/20,80.3,45.3,30.5,4.1,29,0,2
Los Angeles,10/4/20,79.5,42.5,29.6,2.6,29.1,0,2
Los Angeles,10/5/20,78.3,42.1,30.2,2.3,29.2,0,2
Los Angeles,10/6/20,75.8,43.5,34.5,3,29.1,0,2
Los Angeles,10/7/20,71,51.1,52.9,4.8,29.1,0,2
Los Angeles,10/8/20,67.6,56.7,69.4,4.7,29.1,0,2
Los Angeles,10/9/20,66.4,56.7,71.9,4.2,29.1,0,2
Los Angeles,10/10/20,67.2,56.6,69.6,4.1,29.1,0,2
Los Angeles,10/11/20,67.7,57.2,70.3,3.3,29.1,0,2
Los Angeles,10/12/20,77.3,45.7,40.3,2.4,29.1,0,2
Los Angeles,10/13/20,80.2,40.1,26.8,2.9,29.1,0,2
Los Angeles,10/14/20,79.3,43.2,30.3,3.6,29.1,0,2
Los Angeles,10/15/20,78.9,44.3,32.8,3.5,29.1,0,2
Los Angeles,10/16/20,79.5,45.3,31.5,3.4,29.1,0,2
Los Angeles,10/17/20,75.5,49.8,42.7,4,29.1,0,2
Los Angeles,10/18/20,71.3,56.5,60.9,4.6,29.1,0,2
Los Angeles,10/19/20,65.9,59,79.7,3.5,29.1,0,2
Los Angeles,10/20/20,59.9,53.5,72.8,3.2,29,0,2
Los Angeles,10/21/20,57,50.9,68.9,4.4,29,0,2
Los Angeles,10/22/20,65.3,56.5,73.5,3.9,29.1,0,2
Los Angeles,10/23/20,65.5,54.8,68.6,4,29.1,0,2
Los Angeles,10/24/20,64.7,53.6,67.5,3.1,29.1,0,2
Los Angeles,10/25/20,62.4,50.4,65.6,3.9,29.1,0,2
Los Angeles,10/26/20,64.4,-4.2,13.4,9.6,29.2,0,2
Los Angeles,10/27/20,63.3,12.3,16,4.5,29.2,0,2
Los Angeles,10/28/20,62.3,34.3,37.5,2.7,29.2,0,2
Los Angeles,10/29/20,66.3,32.9,34.4,3.4,29.2,0,2
Los Angeles,10/30/20,68.4,31.2,27.4,3.3,29.1,0,2
Los Angeles,10/31/20,70.7,34.5,31,3.1,29.2,0,2
Baltimore,2/29/20,31.7,11.9,44.6,11.4,29.8,0,0
Baltimore,3/1/20,36.9,14.7,43.9,6.2,30,0,0
Baltimore,3/2/20,49.4,30,52.2,7.4,29.8,0,0
Baltimore,3/3/20,54.1,46.2,75.6,6.5,29.5,0.08,0
Baltimore,3/4/20,54.3,27,37.1,10.4,29.7,0.05,0
Baltimore,3/5/20,47,24.9,42.8,4.6,29.9,0,0
Baltimore,3/6/20,40.3,33.6,77.3,5.9,29.7,0,0
Baltimore,3/7/20,42.1,20.9,47.5,11.4,30.1,0.16,0
Baltimore,3/8/20,48.2,15.7,32.1,5.3,30.3,0,0
Baltimore,3/9/20,55.5,26.8,37.2,4.7,30.2,0,0
Baltimore,3/10/20,63.1,45.4,53.4,11,29.9,0,0
Baltimore,3/11/20,50.6,35.5,56.7,5,29.9,0.02,0
Baltimore,3/12/20,52,40.1,65.5,7.2,29.9,0,0
Baltimore,3/13/20,57.5,43.9,69.7,9.7,29.8,0.26,0
Baltimore,3/14/20,51,22.7,35.7,8.5,30.2,0,0
Baltimore,3/15/20,43.9,35,73.1,5.2,30.3,0.23,0
Baltimore,3/16/20,45.7,27.9,50.8,9.9,30.3,0,0
Baltimore,3/17/20,50.3,39.4,67.1,5.2,30,0,0
Baltimore,3/18/20,49.6,33.2,54.9,6.5,30.3,0,0
Baltimore,3/19/20,53.7,49.7,86.4,4.6,30,0.76,0
Baltimore,3/20/20,62.7,54.8,79,5.7,29.8,0.04,0
Baltimore,3/21/20,52.6,32.7,47.6,8.4,30.1,0.06,0
Baltimore,3/22/20,44.2,26.3,50.6,11.8,30.4,0,0
Baltimore,3/23/20,43.3,39.1,85.4,9.1,30.1,0.11,0
Baltimore,3/24/20,48.3,37.6,68,4.8,30,0.24,0
Baltimore,3/25/20,46.3,41.5,83.4,9.7,29.8,0.04,0
Baltimore,3/26/20,49.7,39.5,70.1,4.9,29.8,0.26,0
Baltimore,3/27/20,58,46,65.5,2.6,29.7,0,0
Baltimore,3/28/20,53.4,50.8,91.1,6.4,29.8,0.43,0
Baltimore,3/29/20,53.1,50.3,90.5,5.1,29.7,0.22,0
Baltimore,3/30/20,58.4,45.1,66.3,7.2,29.8,0,0
Baltimore,3/31/20,48.6,39.4,71.5,9.7,29.8,0,0
Baltimore,4/1/20,47,34.9,63.7,8.3,29.6,0.09,4
Baltimore,4/2/20,52.2,25.8,37.3,14,29.7,0,4
Baltimore,4/3/20,54.6,30,39.4,13.8,29.6,0,4
Baltimore,4/4/20,53.5,40.5,62,5.5,29.8,0.02,4
Baltimore,4/5/20,58.3,44,60.2,4.5,29.9,0,4
Baltimore,4/6/20,59.9,35.1,45.3,4.6,29.9,0,4
Baltimore,4/7/20,59.3,48.2,67.8,4.2,29.7,0,4
Baltimore,4/8/20,65.1,50.8,63.4,10.3,29.4,0.08,4
Baltimore,4/9/20,55.9,43.9,68.7,12.2,29.3,0.09,4
Baltimore,4/10/20,45.5,21.7,39.1,17.8,29.5,0,4
Baltimore,4/11/20,49.3,25.3,40.8,8.7,29.8,0,4
Baltimore,4/12/20,55.9,42.1,61.7,5.8,29.9,0,4
Baltimore,4/13/20,63,55.4,79.1,11.5,29.5,1.76,4
Baltimore,4/14/20,50.9,31.1,49.2,8.4,29.9,0.42,4
Baltimore,4/15/20,45.1,27.3,55,8,29.9,0.17,4
Baltimore,4/16/20,45,22.3,42.3,10.9,30,0,4
Baltimore,4/17/20,46.7,30.3,55.4,5.3,30,0,4
Baltimore,4/18/20,48.3,35.4,63.3,7.7,29.7,0.05,4
Baltimore,4/19/20,51.1,33.6,55.8,5.9,29.7,0,4
Baltimore,4/20/20,55.6,40.6,59.3,4.7,29.5,0,4
Baltimore,4/21/20,54.3,37.5,56.8,13.8,29.5,0,4
Baltimore,4/22/20,47.8,19.3,34.3,11.1,29.8,0.03,4
Baltimore,4/23/20,51.7,39.8,67.4,5.2,29.8,0,4
Baltimore,4/24/20,52.6,48.1,85.1,7.2,29.6,1.11,4
Baltimore,4/25/20,53.3,44.6,74.4,5,29.8,0.06,4
Baltimore,4/26/20,51.1,48.4,90.4,7.2,29.6,0.21,4
Baltimore,4/27/20,49.2,37.8,66.8,9.8,29.8,0.28,4
Baltimore,4/28/20,51.4,38.1,62.3,3.5,30,0,4
Baltimore,4/29/20,59.9,48.8,67.4,11,29.9,0,4
Baltimore,4/30/20,61.6,56.4,83.7,9.6,29.6,0,4
Baltimore,5/1/20,57.6,48.4,73.8,7.5,29.6,1.25,4
Baltimore,5/2/20,62.4,39.8,46.8,6.5,29.9,0.09,4
Baltimore,5/3/20,67.7,54.4,63.6,5.9,29.6,0,4
Baltimore,5/4/20,65.4,45,52.8,13.1,29.6,0.4,4
Baltimore,5/5/20,53.8,36,53,4.3,29.8,0,4
Baltimore,5/6/20,49.9,46.2,87.3,6,29.6,0.06,4
Baltimore,5/7/20,55.4,34.1,51.1,8.4,29.7,0.34,4
Baltimore,5/8/20,52.6,40.8,66,7.8,29.6,0,4
Baltimore,5/9/20,42.6,21,43.7,14.5,29.9,0.21,4
Baltimore,5/10/20,52.1,28.1,43.2,8.8,30,0,4
Baltimore,5/11/20,52.5,36.2,56.7,14,29.8,0.02,4
Baltimore,5/12/20,50.6,29.8,47.1,10,30,0,4
Baltimore,5/13/20,56.1,33.3,46.3,5.2,30.1,0,4
Baltimore,5/14/20,60,47.8,66.3,3.8,30,0,4
Baltimore,5/15/20,75.8,57.6,56.8,8.9,29.8,0,4
Baltimore,5/16/20,73.8,53.8,51.2,7.8,29.9,0,4
Baltimore,5/17/20,62.7,52.1,69,11.1,30,0,4
Baltimore,5/18/20,61.5,51.4,70.8,12.9,29.9,0,4
Baltimore,5/19/20,61.7,38.4,44.3,17.1,30,0,4
Baltimore,5/20/20,56.6,38,50.2,18.5,30.2,0,4
Baltimore,5/21/20,59.1,48.6,68.8,10.8,30.1,0,4
Baltimore,5/22/20,65.6,62.3,88.8,5.7,29.9,0.18,4
Baltimore,5/23/20,71.8,62.6,75.4,6.6,29.8,0.37,4
Baltimore,5/24/20,62.4,56.2,80.1,9.1,30,0,4
Baltimore,5/25/20,66.2,56.9,72.3,4.8,30,0,4
Baltimore,5/26/20,66.9,60.1,80.3,2.4,30,0,4
Baltimore,5/27/20,70.7,63.6,79.4,5.3,30,0,4
Baltimore,5/28/20,73.6,69.8,87.8,7.7,29.9,0.03,4
Baltimore,5/29/20,78.1,70.7,78.8,6.3,29.8,0.05,4
Baltimore,5/30/20,75.4,54.4,51.7,6.8,29.8,0,3
Baltimore,5/31/20,67.4,40,37.6,8.9,29.9,0,3
Baltimore,6/1/20,64.1,39.1,42.2,5.5,30.1,0,3
Baltimore,6/2/20,66.1,47.1,52.5,4.5,29.9,0,3
Baltimore,6/3/20,82,60.4,49.9,9.8,29.6,0,3
Baltimore,6/4/20,78.3,65.1,66.8,8.1,29.7,0,3
Baltimore,6/5/20,75.2,68.8,82.1,5.1,29.7,2.51,3
Baltimore,6/6/20,78.6,65.5,68,7.2,29.7,0.28,3
Baltimore,6/7/20,73.8,51.8,47.8,6.9,29.8,0,3
Baltimore,6/8/20,72.3,49.5,46.3,4.8,29.9,0,3
Baltimore,6/9/20,76.4,63,65.2,3.7,29.8,0,3
Baltimore,6/10/20,82,72.1,72.5,7.7,29.8,0,3
Baltimore,6/11/20,77.2,68.5,76,7.4,29.8,0.22,3
Baltimore,6/12/20,77.8,54.3,45.6,6.3,29.9,0.75,3
Baltimore,6/13/20,71,46.2,41.6,7,30,0,3
Baltimore,6/14/20,68.2,46.4,46,8,30.1,0,3
Baltimore,6/15/20,69.8,51.4,53.5,10.8,30.2,0,3
Baltimore,6/16/20,69.8,50.1,50.8,12.3,30.1,0,3
Baltimore,6/17/20,68.6,60.6,75.9,13.7,30,0,3
Baltimore,6/18/20,71.8,63.9,78.5,9.1,29.9,0.43,3
Baltimore,6/19/20,74.1,65.9,76,4.2,29.9,0.01,3
Baltimore,6/20/20,72.1,66.2,82.1,3.2,29.9,0.02,3
Baltimore,6/21/20,73.5,66.9,80.7,1.8,29.8,0.93,3
Baltimore,6/22/20,76.9,67.7,74.5,4.5,29.8,0.16,3
Baltimore,6/23/20,78.5,70.1,76.3,4.5,29.6,0,2
Baltimore,6/24/20,77.9,59.8,56.1,8.7,29.6,0.21,2
Baltimore,6/25/20,74.2,61.6,67,4.3,29.8,0,2
Baltimore,6/26/20,77,60.4,59.8,7.1,29.8,0.17,2
Baltimore,6/27/20,81.2,66.2,61.4,7.1,29.7,0,2
Baltimore,6/28/20,81.2,67.9,64.9,6.2,29.6,0,2
Baltimore,6/29/20,81.8,63.3,55.9,6.4,29.7,0,2
Baltimore,6/30/20,79.9,63.2,59.2,5.9,29.7,0,2
Baltimore,7/1/20,76.1,67,74.7,4.7,29.7,0.44,2
Baltimore,7/2/20,80.3,64.8,62.4,4.7,29.7,0.06,2
Baltimore,7/3/20,85.2,65,52.2,6.3,29.7,0,2
Baltimore,7/4/20,81.9,67.7,62.9,4.5,29.7,0,2
Baltimore,7/5/20,82,70.8,70.6,6.1,29.8,0,2
Baltimore,7/6/20,79,70.6,77.2,9.7,29.9,0,2
Baltimore,7/7/20,77,70.2,80,6.5,29.9,1.41,2
Baltimore,7/8/20,82.7,70,67.4,3.9,29.8,0,2
Baltimore,7/9/20,81.4,70.4,70.6,6.6,29.8,0,2
Baltimore,7/10/20,80,70.7,74.3,7.4,29.7,0.06,2
Baltimore,7/11/20,80.7,69,69.3,7.4,29.6,0,2
Baltimore,7/12/20,79.2,65,63.7,5.4,29.6,0,2
Baltimore,7/13/20,78.6,65.2,66.4,3.7,29.7,0.02,2
Baltimore,7/14/20,79.9,61.5,55.8,4.1,29.8,0,2
Baltimore,7/15/20,79.6,64.8,63,5.9,30,0,2
Baltimore,7/16/20,78.8,68.5,71.6,8.7,30.1,0,2
Baltimore,7/17/20,83.8,69.8,65.6,6.1,29.9,0.01,2
Baltimore,7/18/20,86,64.4,51.5,4,29.9,0,2
Baltimore,7/19/20,85.8,70.5,62.5,4.4,29.8,0,2
Baltimore,7/20/20,88.3,70.5,57.3,7.7,29.7,0,2
Baltimore,7/21/20,85.1,67.5,59.3,4.9,29.8,0,2
Baltimore,7/22/20,78.5,72.2,82.7,6.2,29.9,0.21,2
Baltimore,7/23/20,80.5,72,77.7,5.1,29.9,0.81,2
Baltimore,7/24/20,78.2,70.9,79,4.5,29.9,0.15,2
Baltimore,7/25/20,80.7,71,73.9,2.9,29.9,0.02,2
Baltimore,7/26/20,86.1,69.2,60.2,6.3,29.9,0,2
Baltimore,7/27/20,86.3,68,56.3,7.2,29.7,0,2
Baltimore,7/28/20,85.8,68.7,57.2,8.6,29.7,0,2
Baltimore,7/29/20,84.5,62.7,52,5.3,29.8,0,2
Baltimore,7/30/20,84.2,69.2,64.6,5.2,29.7,0,2
Baltimore,7/31/20,75.8,71,85.3,3.3,29.6,0.26,2
Baltimore,8/1/20,80.1,69.8,72.6,3.9,29.8,0.24,2
Baltimore,8/2/20,84.2,73.2,70.6,7.5,29.7,0,2
Baltimore,8/3/20,78.7,66.3,67.4,4.8,29.9,0,2
Baltimore,8/4/20,75,68.7,81.7,9.1,29.7,1.21,2
Baltimore,8/5/20,78.7,65.3,66.3,3.1,29.9,1.35,2
Baltimore,8/6/20,76.4,69.7,80.5,6.5,29.9,0.97,2
Baltimore,8/7/20,77.2,70.2,79.9,4.3,29.9,0,2
Baltimore,8/8/20,77.5,68.5,75,3.3,30,0.25,2
Baltimore,8/9/20,80.9,70.9,73.1,4.1,29.9,0,2
Baltimore,8/10/20,83.8,72,69.9,3.9,29.9,0,2
Baltimore,8/11/20,82.9,73.3,74.2,3.9,29.8,0,2
Baltimore,8/12/20,80.1,71.8,76.8,7.1,29.9,0,2
Baltimore,8/13/20,77.3,72.4,85.3,4.8,29.9,3.51,2
Baltimore,8/14/20,77.5,71.4,82.5,6.4,29.8,1.04,2
Baltimore,8/15/20,75.4,66.2,74.1,7.9,29.8,0.01,2
Baltimore,8/16/20,69.9,64.8,84,8.5,29.8,1.13,2
Baltimore,8/17/20,71.8,64.4,79,4.2,29.8,0.11,2
Baltimore,8/18/20,75.3,62.5,67.3,3.3,29.7,0.26,2
Baltimore,8/19/20,72.6,64.3,77.3,4.9,29.8,0.35,2
Baltimore,8/20/20,73.3,60.3,64.8,4.5,29.9,0.28,2
Baltimore,8/21/20,76.1,66.8,73.8,3.8,29.8,0,2
Baltimore,8/22/20,77.8,70.8,79.6,4.2,29.8,0.03,2
Baltimore,8/23/20,79.8,70.7,75.4,4.6,29.9,0,2
Baltimore,8/24/20,81.3,70.8,72,5,29.9,0.15,2
Baltimore,8/25/20,81.4,70.5,70.5,10.1,29.7,0.03,2
Baltimore,8/26/20,77.9,62.6,61.1,7.1,29.8,0.1,2
Baltimore,8/27/20,83.4,68.9,62.3,10.3,29.7,0,2
Baltimore,8/28/20,78.6,69.5,74.8,7.7,29.7,0,2
Baltimore,8/29/20,78,71.4,80.9,7.6,29.5,0.89,2
Baltimore,8/30/20,74,59,61.1,6,29.6,0.02,2
Baltimore,8/31/20,70.3,64.3,81.5,4.8,29.9,0,2
Baltimore,9/1/20,74.5,67.6,79.3,5.9,29.9,0.12,2
Baltimore,9/2/20,78.6,72.3,81.9,5.7,29.7,0.01,2
Baltimore,9/3/20,79.4,74.1,84.6,3.6,29.6,0.12,2
Baltimore,9/4/20,78.8,68.2,71.6,7,29.8,1.57,2
Baltimore,9/5/20,70.6,53.4,57.2,4.5,30,0,2
Baltimore,9/6/20,72,57.6,63.6,3.7,30,0,2
Baltimore,9/7/20,71.5,59.3,68.1,2.8,29.9,0,2
Baltimore,9/8/20,72.2,63.9,76.4,4.1,30,0,2
Baltimore,9/9/20,76,71.2,85.1,7.8,30.1,0,2
Baltimore,9/10/20,77.3,74.5,91,6,30,0.03,2
Baltimore,9/11/20,75.8,69.7,82,5.8,30,0.63,2
Baltimore,9/12/20,70.7,61.1,72,9.4,30.1,0,2
Baltimore,9/13/20,71.4,62.6,75.1,2.7,29.9,0,2
Baltimore,9/14/20,72,58.3,63.8,6.3,30,0,2
Baltimore,9/15/20,60,44.6,58.9,4.8,30.1,0,2
Baltimore,9/16/20,61.6,52.6,74.5,2.9,30,0,2
Baltimore,9/17/20,68.1,62.7,83.4,1.2,29.9,0,2
Baltimore,9/18/20,67.8,58.1,73.9,5.8,29.8,0.17,2
Baltimore,9/19/20,56.4,34.2,45.7,7.3,30.1,0,2
Baltimore,9/20/20,56.1,39,56.3,6.5,30.3,0,2
Baltimore,9/21/20,54.9,38.4,58.4,5,30.3,0,2
Baltimore,9/22/20,57.5,41.3,59.5,6.3,30,0,2
Baltimore,9/23/20,66.3,49.2,56.2,8.1,29.8,0,2
Baltimore,9/24/20,65.7,57.1,74.5,2.6,29.8,0,2
Baltimore,9/25/20,64.1,59.2,84.8,2,29.9,0,2
Baltimore,9/26/20,66.4,63.5,90.5,3.6,29.9,0.95,2
Baltimore,9/27/20,71.3,67.3,87.4,3.6,29.8,0.15,2
Baltimore,9/28/20,71.6,65.7,82.5,5.1,29.7,0.06,2
Baltimore,9/29/20,69.7,64.3,83.6,6.3,29.6,0.05,2
Baltimore,9/30/20,61.6,51.2,71.3,9.8,29.6,0.74,2
Baltimore,10/1/20,63,53,71.9,5.3,29.8,0,2
Baltimore,10/2/20,59.3,48.8,71.6,5.4,29.9,0.16,2
Baltimore,10/3/20,55.5,41.4,63.2,4.5,30.1,0,2
Baltimore,10/4/20,56.6,45.4,69.8,2.7,30,0,2
Baltimore,10/5/20,59.5,49.4,71.8,5.4,30,0.03,2
Baltimore,10/6/20,59.8,49.3,71.1,3.6,29.9,0,2
Baltimore,10/7/20,67,52.6,63.9,7,29.7,0,2
Baltimore,10/8/20,61.3,44.3,56,7.4,29.9,0,2
Baltimore,10/9/20,58.9,44.3,61.9,4.8,30,0,2
Baltimore,10/10/20,64.5,57.3,78.1,4.5,29.9,0,2
Baltimore,10/11/20,66.9,63,87.4,6.3,29.9,0,2
Baltimore,10/12/20,59.9,57.5,91.7,15,29.8,1.15,2
Baltimore,10/13/20,59.8,55.2,85,6.2,29.8,0.26,2
Baltimore,10/14/20,59.7,46.4,65.3,5,29.9,0,2
Baltimore,10/15/20,64.3,54.3,71.4,6,29.8,0,2
Baltimore,10/16/20,57.2,48.8,73.8,5,29.9,0.07,2
Baltimore,10/17/20,51.4,36.8,61.3,3.6,30.2,0.16,2
Baltimore,10/18/20,54.8,44.4,70.3,3.7,30.2,0,2
Baltimore,10/19/20,61.7,53.5,75.9,4.4,30.1,0,2
Baltimore,10/20/20,62.7,57.9,85.2,2.9,30.1,0,2
Baltimore,10/21/20,66,62.5,88.9,1.7,30.1,0,2
Baltimore,10/22/20,65.6,62.2,89.4,1,30.1,0,2
Baltimore,10/23/20,63.9,59.9,87.5,2.6,30,0,2
Baltimore,10/24/20,64.9,56.9,77.1,4.5,29.8,0,2
Baltimore,10/25/20,49.2,40.4,72.8,8.4,30,0.03,2
Baltimore,10/26/20,54.7,51,87.7,2.8,30,0.06,2
Baltimore,10/27/20,59.3,52.2,78.2,1.9,30,0,2
Baltimore,10/28/20,64.1,58,80.7,5.2,29.9,0,2
Baltimore,10/29/20,56,52.8,89,9.7,29.5,0.56,2
Baltimore,10/30/20,48.7,43,81.2,7.4,29.7,1.84,2
Baltimore,10/31/20,44.9,36.2,72,4.6,30.3,0.04,2
Houston,2/23/20,51.7,36.8,57.8,6.6,30.3,0,0
Houston,2/24/20,63.1,55.2,75.9,9.6,30,0,0
Houston,2/25/20,66.4,59.6,80.2,6.8,29.8,0.01,0
Houston,2/26/20,62.7,46.7,58.2,7.9,29.9,1.82,0
Houston,2/27/20,50.9,28.1,41.8,18.4,30.3,0,0
Houston,2/28/20,47.7,26,46,4.6,30.3,0,0
Houston,2/29/20,56.6,34.3,47.4,7.5,30.3,0,0
Houston,3/1/20,60.8,46,61.5,8.8,30.2,0,0
Houston,3/2/20,70.3,64.7,83,9.3,29.8,0.02,0
Houston,3/3/20,72.7,67,82.9,6.9,29.7,0,0
Houston,3/4/20,68.1,62.6,82.8,12.1,29.7,0.03,0
Houston,3/5/20,62.9,44.6,54.1,13.1,30.1,0,0
Houston,3/6/20,62.9,29.7,31.3,9.5,30.4,0,0
Houston,3/7/20,56.7,42.6,60.1,9.1,30.3,0,0
Houston,3/8/20,62.7,53.1,71.8,13.4,30.2,0,0
Houston,3/9/20,68.7,61.8,79.1,11.7,30.2,0,0
Houston,3/10/20,71,64.4,80.4,5.3,30.2,0.01,0
Houston,3/11/20,69.9,63,80.4,7.9,30.1,0,0
Houston,3/12/20,73.3,64.2,74.4,11.9,29.9,0,0
Houston,3/13/20,73.7,66.3,78,10.4,29.9,0,0
Houston,3/14/20,74.9,67,76.8,11.5,30.1,0,0
Houston,3/15/20,74.2,66.7,78.5,7.5,30.1,0,0
Houston,3/16/20,69.7,63.6,81.1,6.9,30.1,0,0
Houston,3/17/20,74,67.3,80.6,8.9,30,0.01,0
Houston,3/18/20,75.3,67.2,76.6,12.6,30,0,0
Houston,3/19/20,77.3,68.3,74.4,14.6,29.9,0,0
Houston,3/20/20,71.8,66.5,83.5,11.2,30.1,0,0
Houston,3/21/20,59.8,55.1,84.5,11.9,30.2,0.25,0
Houston,3/22/20,68.6,63.5,84.4,10.1,30.1,0.14,0
Houston,3/23/20,75.6,68.4,79.2,10.9,30,0.01,0
Houston,3/24/20,77.4,67.5,72.9,12.9,29.9,0,0
Houston,3/25/20,75.7,67.8,77.5,7.9,29.9,0,0
Houston,3/26/20,75.7,67.9,77.8,10.4,29.8,0,0
Houston,3/27/20,78.7,68.1,71.7,14.5,29.7,0,0
Houston,3/28/20,74.1,62.6,68.3,12.4,29.8,0,0
Houston,3/29/20,71.6,46.5,45.8,9.8,30,0.01,0
Houston,3/30/20,75.9,65,69.7,13,29.9,0,0
Houston,3/31/20,72.4,59.3,65,12.6,29.9,0,0
Houston,4/1/20,66,50.3,58,10.2,29.9,0,0
Houston,4/2/20,70.9,60,68.8,11.5,29.9,0,0
Houston,4/3/20,73.8,65.3,75.1,10.4,29.9,0,4
Houston,4/4/20,62.3,59.2,89.6,8.7,29.9,0.22,4
Houston,4/5/20,66.8,59.8,79.2,9.6,29.9,1.19,4
Houston,4/6/20,71.9,67.2,85,7.1,29.9,0,4
Houston,4/7/20,77.9,71.3,81.4,7.2,29.9,0.02,4
Houston,4/8/20,78.2,70.8,78.9,7.1,29.8,0,4
Houston,4/9/20,77.1,69.1,77.7,8,29.8,0,4
Houston,4/10/20,70.7,59.8,70.1,10.2,29.9,0.49,4
Houston,4/11/20,72,62,71.2,10.9,29.8,0,4
Houston,4/12/20,80.1,63.5,62.9,14.2,29.5,0,4
Houston,4/13/20,63.7,45.8,52.7,12.9,30,0.04,4
Houston,4/14/20,59.3,43.9,58.6,13.8,30,0,4
Houston,4/15/20,60.4,39.9,48.2,9.6,30.1,0,4
Houston,4/16/20,65.4,49.5,56.8,11.4,30.1,0,4
Houston,4/17/20,74.4,65.6,74.3,7.6,30,0,4
Houston,4/18/20,70.1,65.4,85.5,9.4,29.9,0,4
Houston,4/19/20,75.8,71.9,88.1,8.7,29.7,0.06,4
Houston,4/20/20,71,64.7,81.7,6.2,29.8,0.03,4
Houston,4/21/20,74.6,66.5,77.8,9.2,29.9,0,4
Houston,4/22/20,78.2,71.7,80.6,13,29.7,0,4
Houston,4/23/20,81.1,61.4,57.1,11.8,29.7,0,4
Houston,4/24/20,76.2,62.5,64.9,9.9,29.7,0,4
Houston,4/25/20,72.7,56.8,58.8,9.8,29.9,0,4
Houston,4/26/20,73.4,50.4,48.8,7.6,30.1,0.04,4
Houston,4/27/20,73.7,60.9,65.8,10.6,30,0,4
Houston,4/28/20,78.1,72.4,82.5,13.1,29.9,0,4
Houston,4/29/20,70.8,58.7,71.3,14.6,29.9,0.64,4
Houston,4/30/20,71.1,47.3,46.8,4.9,30,0.09,4
Houston,5/1/20,72.7,57.6,61.5,8.7,30,0,3
Houston,5/2/20,75.9,64.1,68.3,10.5,30,0,3
Houston,5/3/20,77.9,65.8,67.6,9.8,29.9,0,3
Houston,5/4/20,79,68.4,72.2,9.1,29.8,0,3
Houston,5/5/20,79,71.2,78,7.7,29.9,0,3
Houston,5/6/20,75.1,55.7,55.1,11.7,30.1,2.41,3
Houston,5/7/20,75.5,60,60.3,11,30,0,3
Houston,5/8/20,78.6,67,68.1,16.8,29.9,0,3
Houston,5/9/20,69.2,52.3,55.5,13,30.1,0.06,3
Houston,5/10/20,71.6,51.8,51.1,7.8,30.1,0,3
Houston,5/11/20,73.5,57.6,59.7,9.4,30.1,0,3
Houston,5/12/20,76.9,65.1,67.6,12.3,30,0,3
Houston,5/13/20,77.4,69.1,76.7,9.9,29.9,0.15,3
Houston,5/14/20,80.5,70.8,73.6,9.9,29.9,0,3
Houston,5/15/20,76.2,71,84.6,9.5,29.8,0.01,3
Houston,5/16/20,73.5,66.4,79.5,10.8,29.7,1.8,3
Houston,5/17/20,76.3,62.8,64.6,8.1,29.8,0.02,3
Houston,5/18/20,80.4,63,58,6.5,29.8,0.01,3
Houston,5/19/20,81,70.8,72.8,10.4,29.8,0,3
Houston,5/20/20,82.5,72.8,73.6,7.2,29.8,0,3
Houston,5/21/20,81.2,72.3,75.8,9,29.8,0,3
Houston,5/22/20,82.5,73.7,75.9,10.4,29.8,0,3
Houston,5/23/20,83.9,73.7,72.4,12.6,29.8,0,3
Houston,5/24/20,80.1,70.8,74.3,13.1,29.8,0,3
Houston,5/25/20,75.4,66.5,75,10.7,29.7,0.55,3
Houston,5/26/20,77.8,64.6,65.6,8.7,29.8,0.1,3
Houston,5/27/20,74.8,65.4,74,9.5,29.8,0,3
Houston,5/28/20,76.1,68.4,77.2,7.4,29.9,1.42,3
Houston,5/29/20,80.3,66.8,65.9,7.7,30,0.12,3
Houston,5/30/20,81,66.6,62.2,8,30,0,3
Houston,5/31/20,77.1,70.7,81.3,7.2,30,0,3
Houston,6/1/20,79.9,69.9,72.9,7.3,30,1.41,3
Houston,6/2/20,82.1,69.8,68.3,7.3,30,0,3
Houston,6/3/20,81.5,72.6,74.9,5,29.9,0,3
Houston,6/4/20,83.1,72.3,71.6,5.9,29.8,0,2
Houston,6/5/20,83.8,70.4,66.3,4.5,29.9,0,2
Houston,6/6/20,85.8,71.3,64.4,8.8,29.8,0,2
Houston,6/7/20,86.6,70,59.3,11,29.6,0,2
Houston,6/8/20,85.3,73.5,68.2,8.9,29.6,0,2
Houston,6/9/20,86.1,75.3,71.2,10.5,29.7,0.13,2
Houston,6/10/20,85,57,43,8.7,30,0,2
Houston,6/11/20,82.8,53.3,37.7,8.8,30.1,0,2
Houston,6/12/20,83.3,56.6,41.2,10.4,30.1,0,2
Houston,6/13/20,83.3,56.8,42.8,10.2,30,0,1
Houston,6/14/20,82.7,64.4,55.4,8.1,30,0,1
Houston,6/15/20,84.7,70.5,64.1,8.3,30.1,0,1
Houston,6/16/20,84,66.6,58.6,6.1,30,0,1
Houston,6/17/20,82.8,66,59.5,6.1,30,0,1
Houston,6/18/20,82.8,67,61.4,8.3,29.9,0,1
Houston,6/19/20,83.6,70.7,66.1,10,29.9,0,1
Houston,6/20/20,80.5,73.5,79.5,8.6,29.9,0,1
Houston,6/21/20,82.3,75.1,79.3,8.7,29.9,0.82,1
Houston,6/22/20,76.8,71.3,83.2,8.2,29.9,0.46,1
Houston,6/23/20,80.8,72,75.3,8.4,29.8,1.28,1
Houston,6/24/20,78.4,72.1,81.4,9.4,29.8,0.89,1
Houston,6/25/20,78.5,73.7,85,7.9,29.9,0.24,1
Houston,6/26/20,82.6,76.9,82.9,8.9,30,0.74,1
Houston,6/27/20,84.1,76.2,77.8,10.5,29.9,0.01,2
Houston,6/28/20,85.2,76.1,75.3,11.7,29.9,0,2
Houston,6/29/20,85.6,76.4,74.1,13.4,29.8,0,2
Houston,6/30/20,86.5,76.3,72.4,13.3,29.9,0,2
Houston,7/1/20,86,76.4,74.2,11.4,29.9,0,2
Houston,7/2/20,87.4,75,68.9,8.5,29.9,0,2
Houston,7/3/20,85.6,72.7,67.5,6.7,29.9,0,2
Houston,7/4/20,85.5,73.1,68.4,5.6,29.9,0,2
Houston,7/5/20,85.4,74,70.3,8,29.8,0,2
Houston,7/6/20,86.4,75.7,71.4,9.4,29.8,0,2
Houston,7/7/20,86,75.2,71.8,9.2,29.9,0,2
Houston,7/8/20,87,75.5,70.3,10.3,29.9,0.02,2
Houston,7/9/20,87.2,75.8,70.3,10.6,29.9,0,2
Houston,7/10/20,87.5,76.1,70.6,7.5,29.9,0,2
Houston,7/11/20,87.7,75.2,68.5,6.8,29.9,0,2
Houston,7/12/20,86.3,75.2,71.3,7.9,29.9,0,2
Houston,7/13/20,87.1,75.3,70.2,9,29.9,0,2
Houston,7/14/20,86.6,74,68.2,9.5,29.9,0,2
Houston,7/15/20,87.3,73.7,66.3,9.7,29.9,0,2
Houston,7/16/20,87.3,74.1,67.3,7.2,30,0,2
Houston,7/17/20,82,74.3,78.3,7.1,30,0,2
Houston,7/18/20,84.6,73.4,69.7,6.9,30,0.95,2
Houston,7/19/20,85.2,74.5,71,6.4,29.9,0,2
Houston,7/20/20,82.3,75.4,79.8,8.4,29.9,0,2
Houston,7/21/20,80,75.3,85.6,8.6,29.9,1.23,2
Houston,7/22/20,83.8,76.4,78.8,5.4,29.9,0.34,2
Houston,7/23/20,87.3,74.5,67.6,8.3,29.9,0.25,2
Houston,7/24/20,84.7,75.5,74.2,14.6,29.8,0,2
Houston,7/25/20,79.4,75,86.4,13.5,29.8,0.35,2
Houston,7/26/20,83.8,75.4,75.9,11.6,29.9,2.86,2
Houston,7/27/20,83.2,74.9,76.7,6.6,29.9,0.01,2
Houston,7/28/20,80.2,75.3,85.2,5.5,29.9,0,2
Houston,7/29/20,79.1,74.7,86.3,7.4,29.9,0.73,2
Houston,7/30/20,85.6,75.6,73.9,9.9,29.9,0.56,2
Houston,7/31/20,86.1,75.7,72,10.5,29.9,0,2
Houston,8/1/20,78.2,73.1,84.5,5.9,29.9,0,2
Houston,8/2/20,82.5,71,70.5,5.5,29.9,0.26,2
Houston,8/3/20,85.8,71.8,65.8,5,29.9,0.26,2
Houston,8/4/20,85.1,73.6,70,6.6,29.9,0,2
Houston,8/5/20,86.2,72.2,64.8,6.8,29.9,0.22,2
Houston,8/6/20,86.2,73.9,67.9,6.4,29.9,0,2
Houston,8/7/20,86.9,74.5,67.7,5.7,30,0,2
Houston,8/8/20,86.7,74.4,67.5,5.8,30,0,2
Houston,8/9/20,86.7,75,69.2,9.2,30,0,2
Houston,8/10/20,86.9,74.8,68.4,8.4,30,0,2
Houston,8/11/20,87.5,75.3,68.2,8.9,29.9,0,2
Houston,8/12/20,87.5,74.7,67.1,8.2,29.9,0,2
Houston,8/13/20,87.5,73.5,65.4,6.8,29.9,0,2
Houston,8/14/20,87.1,74.8,68.4,8,29.9,0,2
Houston,8/15/20,88.6,73.8,64,7.4,29.9,0,2
Houston,8/16/20,88.5,74.5,65.8,6.6,29.9,0,2
Houston,8/17/20,82.5,70.2,68,8.7,30,0.82,2
Houston,8/18/20,86.6,68.5,57.3,5.8,29.9,0,2
Houston,8/19/20,87.4,65.7,51.3,5.5,29.8,0,2
Houston,8/20/20,85.5,67.1,55.5,5.2,29.8,0,2
Houston,8/21/20,84.2,70.6,64.8,4.9,29.8,0,2
Houston,8/22/20,81.1,70.8,72.1,5.6,29.8,0,2
Houston,8/23/20,84.9,70,63.2,6.2,29.9,0.11,2
Houston,8/24/20,85.3,71.6,65.1,7.5,29.9,0,2
Houston,8/25/20,86.7,71.8,62.7,10,29.8,0,2
Houston,8/26/20,84.3,75.4,75.4,13.8,29.7,0.06,2
Houston,8/27/20,86.6,72.4,64.3,8.8,29.7,0,2
Houston,8/28/20,87.6,76.4,70,11.6,29.8,0,2
Houston,8/29/20,87.7,76,69.8,7.1,29.8,0.13,2
Houston,8/30/20,86.1,77.2,75.4,6.1,29.8,0,2
Houston,8/31/20,88.5,77.8,71.7,11.3,29.8,0.18,2
Houston,9/1/20,88.7,76.8,69.3,13.7,29.8,0,2
Houston,9/2/20,88.8,74.4,64.3,11.3,29.8,0,2
Houston,9/3/20,87.2,75.1,68,6.1,29.9,0,2
Houston,9/4/20,85.9,74.3,69.5,7.2,30,0.13,2
Houston,9/5/20,84.6,71.7,66.3,8.9,30.1,0,2
Houston,9/6/20,82.4,71.1,70.2,5.9,30,0,2
Houston,9/7/20,83.2,72.7,71.7,4.8,29.8,0.04,2
Houston,9/8/20,82.2,73,74,7.1,29.8,0.08,2
Houston,9/9/20,85.3,74.5,70.5,9,29.9,0.02,2
Houston,9/10/20,82.3,75.2,79.1,6.8,30,0,2
Houston,9/11/20,79.7,70.7,75.1,8.9,30,0.36,2
Houston,9/12/20,85,71.8,66.4,8.7,29.8,0,2
Houston,9/13/20,84.1,72.9,70.7,9,29.9,0,2
Houston,9/14/20,84.9,72.9,68.3,12.2,29.9,0.06,2
Houston,9/15/20,87.2,71,60.2,10.6,29.9,0,2
Houston,9/16/20,87,70.3,58.7,7.9,29.8,0,2
Houston,9/17/20,85.2,70.4,61.7,9.9,29.9,0,2
Houston,9/18/20,82.5,61,51.4,13.5,29.9,0,2
Houston,9/19/20,79.5,62.4,56.5,16.2,29.9,0,2
Houston,9/20/20,72.2,65.4,80,16.2,29.9,0,2
Houston,9/21/20,74.7,71.4,89.2,18.3,29.8,1.24,2
Houston,9/22/20,77,73.9,90.1,11.9,29.8,7.16,2
Houston,9/23/20,75.6,70.2,83.8,10.8,29.8,0,2
Houston,9/24/20,73,65.2,76.5,7,29.9,0.01,2
Houston,9/25/20,76.1,65.4,70.5,4.4,29.9,0,2
Houston,9/26/20,78.3,65.8,68.4,4,29.9,0,2
Houston,9/27/20,82.5,72.4,73.2,10.2,29.8,0,2
Houston,9/28/20,75.3,63.6,70,12.4,29.9,0,2
Houston,9/29/20,72.3,42.9,38.4,8.7,30.1,0.02,2
Houston,9/30/20,71.7,47.8,48,4.3,30,0,2
Houston,10/1/20,75.3,53.3,50.4,4.5,30.1,0,2
Houston,10/2/20,73.3,48.3,44.9,7.7,30.1,0,2
Houston,10/3/20,72.3,55.8,57.4,6.4,30,0,2
Houston,10/4/20,75.2,58.8,60,3.4,30.1,0,2
Houston,10/5/20,74.5,61,64.1,6.3,30.1,0,2
Houston,10/6/20,75.5,58.5,58.5,5.8,30,0,2
Houston,10/7/20,77.8,61,57.6,6.3,29.9,0,2
Houston,10/8/20,79.7,71,74.8,10.2,29.9,0,1
Houston,10/9/20,76.8,70.4,80.8,18.1,29.7,0.13,1
Houston,10/10/20,78.8,68.7,73.2,5,29.8,0.21,1
Houston,10/11/20,80.3,73.5,81.7,6.2,29.8,0,1
Houston,10/12/20,80.9,70.8,74.5,8.1,29.9,0,1
Houston,10/13/20,79.6,64.6,60.9,6.7,30,0,1
Houston,10/14/20,78,66.6,69,5.9,29.9,0,1
Houston,10/15/20,80.1,70.1,73.3,8.1,29.8,0,1
Houston,10/16/20,62.6,56.6,81.5,14.2,30.1,0.45,1
Houston,10/17/20,73.7,63.4,70.4,10.1,30.1,0.1,1
Houston,10/18/20,79,70.2,75.8,9.8,29.9,0,1
Houston,10/19/20,80.3,73.1,79,9.7,30,0,1
Houston,10/20/20,78.5,71,78.7,8.4,29.9,0,1
Houston,10/21/20,78.5,71,78.9,7.4,30,0,1
Houston,10/22/20,79,72.2,80.3,8.6,29.9,0,1
Houston,10/23/20,75.7,66.7,75.1,9.8,29.9,0,1
Houston,10/24/20,62.7,51.5,67.4,10.5,30,0.02,1
Houston,10/25/20,70.2,64.4,82.1,8.2,29.9,0,1
Houston,10/26/20,75.9,69,79.7,12.4,29.9,0,1
Houston,10/27/20,68.1,62.2,81.8,9,29.9,0,1
Houston,10/28/20,54.3,50,85.5,12.8,29.8,0.08,1
Houston,10/29/20,54.6,41.7,63.9,12.9,30,0.14,1
Houston,10/30/20,58.5,43.2,58.8,6.8,30.2,0,1
Houston,10/31/20,62.2,49.6,65.9,2.3,30.1,0,1
San Francisco,1/20/20,51.3,42.7,72.8,4.8,30,0,0
San Francisco,1/21/20,54.5,49,82.2,9.2,30.1,0,0
San Francisco,1/22/20,53.5,49.1,85.4,4.2,30.2,0.01,0
San Francisco,1/23/20,52.8,47.6,82.3,2.2,30.2,0,0
San Francisco,1/24/20,54,49.6,85.2,7.3,30.2,0,0
San Francisco,1/25/20,56.3,52.7,87.9,4.5,30.1,0,0
San Francisco,1/26/20,56.3,50.3,80.7,11.7,30.2,0.1,0
San Francisco,1/27/20,53.7,47.4,79.3,5.3,30.4,0.04,0
San Francisco,1/28/20,55.1,49,79.9,7.6,30.3,0,0
San Francisco,1/29/20,53.3,46.7,78.7,10.1,30.2,0.03,0
San Francisco,1/30/20,55.6,51.4,86.3,8.5,30.2,0,0
San Francisco,1/31/20,54.1,49.4,84.5,2.6,30.3,0,0
San Francisco,2/1/20,53.1,49.9,89.1,9.5,30.3,0,0
San Francisco,2/2/20,51.9,41,68.1,20.8,30.1,0,0
San Francisco,2/3/20,48.5,26,44.3,11.8,30.1,0,0
San Francisco,2/4/20,50.3,28,43.3,10.9,30.2,0,0
San Francisco,2/5/20,49.4,37.9,65.9,5.6,30.2,0,0
San Francisco,2/6/20,51.9,43.8,75.1,4.5,30.1,0,0
San Francisco,2/7/20,51,45.7,82.8,7.7,30.1,0,0
San Francisco,2/8/20,52.5,44.2,74.2,10.1,30.1,0,0
San Francisco,2/9/20,55.6,33.6,44,22.4,30,0,0
San Francisco,2/10/20,58.4,32.4,40.3,5.5,30,0,0
San Francisco,2/11/20,59.1,33.8,42.4,4.1,30,0,0
San Francisco,2/12/20,54.1,43.8,69.1,7,30,0,0
San Francisco,2/13/20,51.1,43.5,75.5,7.8,30.1,0,0
San Francisco,2/14/20,52.5,42.9,70.1,6.9,30.1,0,0
San Francisco,2/15/20,53.3,44.7,73.4,8.8,30.2,0,0
San Francisco,2/16/20,53.5,46.9,78.7,15.7,30.2,0,0
San Francisco,2/17/20,54.6,42.4,68.1,5.4,30.1,0,0
San Francisco,2/18/20,55.6,34.2,47.7,8,30,0,0
San Francisco,2/19/20,52.4,43.1,71.3,7,30.1,0,0
San Francisco,2/20/20,55.3,43,64.5,4,30.1,0,0
San Francisco,2/21/20,58.2,42.8,58.3,4.9,30,0,0
San Francisco,2/22/20,55.2,45.6,70.5,13.2,30,0,0
San Francisco,2/23/20,53.3,45.4,74.8,16.9,30.3,0,0
San Francisco,2/24/20,53.6,43.8,71.2,7.1,30.3,0,0
San Francisco,2/25/20,59.7,38.8,50.1,4.3,30.3,0,0
San Francisco,2/26/20,58.9,43.4,58,4.9,30.3,0,0
San Francisco,2/27/20,59.9,46.3,62.2,3.2,30.2,0,0
San Francisco,2/28/20,56.7,48.6,74.8,8.5,30.1,0,0
San Francisco,2/29/20,52,41.6,68.2,25.4,30,0,0
San Francisco,3/1/20,53.1,35.3,52.9,12.2,30,0,0
San Francisco,3/2/20,60.4,33.1,37.5,14.5,30,0,0
San Francisco,3/3/20,59.8,43.2,57.1,6.5,30,0,0
San Francisco,3/4/20,58.8,47,66.3,5,30.1,0,0
San Francisco,3/5/20,55.6,47.3,73.8,6.8,30.1,0,0
San Francisco,3/6/20,54.4,44.9,70.7,10.3,30,0,0
San Francisco,3/7/20,51.4,44,76.6,7,29.9,0,0
San Francisco,3/8/20,52,41,67.4,5.2,30,0.08,0
San Francisco,3/9/20,56.1,42.6,61.4,3.8,30.1,0,0
San Francisco,3/10/20,60.2,44.3,57.3,5.3,30,0,0
San Francisco,3/11/20,59,48.7,69.3,9.8,30,0,0
San Francisco,3/12/20,55.2,46.5,74.9,9.1,29.9,0,0
San Francisco,3/13/20,54.9,45.1,70.5,12.4,29.8,0,0
San Francisco,3/14/20,51.1,44.5,78.4,9.5,29.9,0,0
San Francisco,3/15/20,51.1,40.9,68.2,10.8,29.9,0.52,0
San Francisco,3/16/20,48.8,39,69.5,9.2,29.9,0.23,0
San Francisco,3/17/20,49,39.9,71.4,7.1,29.9,0.05,0
San Francisco,3/18/20,51.4,40.9,67.9,8.4,29.9,0,0
San Francisco,3/19/20,53.2,42.6,67.9,6,30,0.01,0
San Francisco,3/20/20,54,42.9,67,5.6,30.2,0,4
San Francisco,3/21/20,54.9,44.7,69,5.3,30.1,0,4
San Francisco,3/22/20,56.6,46.8,70.2,5.2,30.1,0,4
San Francisco,3/23/20,53,43.7,71,9.8,30.1,0,4
San Francisco,3/24/20,52.1,42.5,70,9.3,30.1,0,4
San Francisco,3/25/20,50.6,39,65.7,11.6,30.1,0.16,4
San Francisco,3/26/20,50.8,38,62.3,11.8,30.1,0.03,4
San Francisco,3/27/20,53,40.5,63.1,15.1,30.1,0,4
San Francisco,3/28/20,53.7,46.6,77.2,5.8,30.2,0,4
San Francisco,3/29/20,54,47.7,79.3,7.3,30.1,0.04,4
San Francisco,3/30/20,55.5,45.8,70.5,6.8,30.3,0.2,4
San Francisco,3/31/20,56,49.1,78,10.8,30.2,0,4
San Francisco,4/1/20,54.1,39.6,59,16.3,30,0,4
San Francisco,4/2/20,52.8,38.1,59.9,13.6,30.1,0,4
San Francisco,4/3/20,52.7,39.1,61,16.5,30,0,4
San Francisco,4/4/20,53.3,47.5,80.7,11,29.9,0,4
San Francisco,4/5/20,52.8,44.9,74.9,9.8,29.7,0.29,4
San Francisco,4/6/20,47.6,42,81,6.1,29.9,0.41,4
San Francisco,4/7/20,50.3,42.6,76.5,8,30.1,0.66,4
San Francisco,4/8/20,55,47,74.5,8.5,29.9,0,4
San Francisco,4/9/20,56.8,48.6,74.2,6.9,30,0,4
San Francisco,4/10/20,57,48.4,73,13.1,30,0,4
San Francisco,4/11/20,54.4,47.2,76.8,9.8,30,0,4
San Francisco,4/12/20,55.2,47.6,75.9,9,30,0,4
San Francisco,4/13/20,56.1,46.2,69.9,8.6,30.1,0,4
San Francisco,4/14/20,60.8,40.3,53.3,7,30.2,0,4
San Francisco,4/15/20,58.8,47.6,67.2,8.5,30,0,4
San Francisco,4/16/20,55.4,48.4,77.6,10.5,29.9,0,4
San Francisco,4/17/20,56.5,46.1,68.6,10.4,29.9,0,4
San Francisco,4/18/20,57.9,43.5,59.5,9.1,30.1,0,4
San Francisco,4/19/20,57.3,45.2,64.7,7,30.1,0,4
San Francisco,4/20/20,56.8,44.8,64.5,11.9,30.1,0,4
San Francisco,4/21/20,56.2,46.8,71.3,16,30.2,0,4
San Francisco,4/22/20,58.9,50.4,75,15.8,30.3,0,4
San Francisco,4/23/20,59.6,50.2,72.5,18.3,30.2,0,4
San Francisco,4/24/20,61.5,48.4,63.7,12.8,30.1,0,4
San Francisco,4/25/20,62.5,50.8,67.5,12.2,30,0,4
San Francisco,4/26/20,58.9,46.6,66.6,17.5,30,0,4
San Francisco,4/27/20,59.8,49.1,68.7,20.2,30.1,0,4
San Francisco,4/28/20,59.6,51.6,76.1,15,30.1,0,4
San Francisco,4/29/20,57.5,50.9,79.1,17.8,30,0,4
San Francisco,4/30/20,56.8,48.9,75.9,19.2,30.1,0,4
San Francisco,5/1/20,58.6,45.6,65,15.9,30.1,0,4
San Francisco,5/2/20,59.9,52.3,77.1,10,30.1,0,4
San Francisco,5/3/20,56.5,44.3,64.9,15.2,30.1,0,4
San Francisco,5/4/20,58,42.4,58.7,13.4,30.1,0,4
San Francisco,5/5/20,58.1,49.9,74.4,17.6,30.1,0,4
San Francisco,5/6/20,60.7,44.2,56.3,14.6,30.1,0,4
San Francisco,5/7/20,62.7,45.9,58.3,10.3,29.9,0,4
San Francisco,5/8/20,60.3,49.5,69.5,11.7,29.9,0,3
San Francisco,5/9/20,56.2,49.3,78.5,13.3,29.9,0,3
San Francisco,5/10/20,58.8,47.5,68.2,8.3,29.9,0,3
San Francisco,5/11/20,59.6,47.4,67,14.8,29.9,0,3
San Francisco,5/12/20,58.8,49.9,73.3,10.1,30,0.02,3
San Francisco,5/13/20,59.5,49.7,70.6,9,30,0,3
San Francisco,5/14/20,61.2,51.8,71.7,8.6,30.1,0,3
San Francisco,5/15/20,59.4,49.9,72.3,15.8,30.1,0,3
San Francisco,5/16/20,63,50.9,66.1,11.8,29.9,0,3
San Francisco,5/17/20,62.8,55.8,79.6,10.7,29.8,0.05,3
San Francisco,5/18/20,58.9,49.3,71.9,9.8,29.9,0.14,3
San Francisco,5/19/20,59.5,48.9,68.6,16.1,30,0.02,3
San Francisco,5/20/20,58.8,48.8,70,15.2,30.1,0,3
San Francisco,5/21/20,59.5,49.4,70.3,13.4,30,0,3
San Francisco,5/22/20,58.2,45.3,63.7,19.3,29.9,0,3
San Francisco,5/23/20,59.7,47,65.3,11.3,29.9,0,3
San Francisco,5/24/20,62,49,65,10.3,29.9,0,3
San Francisco,5/25/20,67.3,51.7,60.3,9.8,29.9,0,3
San Francisco,5/26/20,71.4,53.4,56.7,10,29.9,0,3
San Francisco,5/27/20,65.1,52.6,65.6,14.1,29.9,0,3
San Francisco,5/28/20,58.8,52.1,79.6,15.3,29.9,0,3
San Francisco,5/29/20,61.2,52.6,74.5,10.6,29.9,0,3
San Francisco,5/30/20,64.6,53.7,68.4,9.5,29.9,0,3
San Francisco,5/31/20,60.5,51.2,72.2,9.3,30,0.02,3
San Francisco,6/1/20,61.7,50.8,69,12.5,30,0,3
San Francisco,6/2/20,68.7,53.1,60.4,9.9,30,0,3
San Francisco,6/3/20,68.8,54.4,62,11.7,29.9,0,3
San Francisco,6/4/20,64.9,51.5,63.4,11.8,29.8,0,3
San Francisco,6/5/20,58.4,48.8,70.4,15.6,29.8,0,3
San Francisco,6/6/20,58.6,48.1,68.5,18.2,30,0,3
San Francisco,6/7/20,58.6,45.8,63.6,22.2,30.1,0,3
San Francisco,6/8/20,62,42.8,52.1,14,30.2,0,3
San Francisco,6/9/20,64.3,46.7,55.5,11.8,30.1,0,3
San Francisco,6/10/20,62.8,52.3,70.5,13.7,30,0,3
San Francisco,6/11/20,62.7,53.5,74,13.4,30,0,3
San Francisco,6/12/20,60.1,51.9,74.8,18.3,30.1,0,2
San Francisco,6/13/20,61.2,48,63.2,15.4,30.1,0,2
San Francisco,6/14/20,62,53.8,75.4,10.3,30,0,2
San Francisco,6/15/20,61.6,52.2,71.8,18.6,30,0,2
San Francisco,6/16/20,60.2,48.2,66.1,21.3,30,0,2
San Francisco,6/17/20,66.8,45.5,50.4,10,29.9,0,2
San Francisco,6/18/20,67.8,49.9,56.7,10.2,29.9,0,2
San Francisco,6/19/20,61.8,53.1,74.4,11.3,29.9,0,2
San Francisco,6/20/20,60.6,53,77.4,9.8,30,0,2
San Francisco,6/21/20,61.6,53.8,76.4,13.7,29.9,0,2
San Francisco,6/22/20,63.2,54,73.2,9,29.9,0,2
San Francisco,6/23/20,63.1,55,75.4,9.2,29.9,0,2
San Francisco,6/24/20,63.1,54.4,73.7,10.7,29.8,0,2
San Francisco,6/25/20,61.9,53.5,74.7,10.2,29.8,0,2
San Francisco,6/26/20,62.9,55,76.1,11.5,29.9,0,2
San Francisco,6/27/20,62.5,54.1,74.8,11.1,29.8,0,2
San Francisco,6/28/20,59.4,48.2,67.2,15.1,29.8,0,2
San Francisco,6/29/20,63.9,49.3,61.8,10.1,29.9,0,2
San Francisco,6/30/20,62.5,52.2,71.1,11.8,29.9,0,2
San Francisco,7/1/20,62.2,51.8,69.9,7.7,29.8,0,2
San Francisco,7/2/20,61.6,50.4,67.5,7.6,29.9,0,2
San Francisco,7/3/20,59.4,50,71.6,10.8,30,0,2
San Francisco,7/4/20,64,50,62.8,13.2,30,0,2
San Francisco,7/5/20,62.4,49.3,63.8,19.9,30,0,2
San Francisco,7/6/20,59.8,48.8,67.8,24.6,29.9,0,2
San Francisco,7/7/20,60.1,49,68,18.6,29.9,0,2
San Francisco,7/8/20,60.8,50.8,70.6,13.1,29.9,0,2
San Francisco,7/9/20,62.3,50.7,67,13.7,29.9,0,2
San Francisco,7/10/20,60.1,50.8,72.9,15.7,30,0,2
San Francisco,7/11/20,63,50.9,66.5,14.5,30,0,2
San Francisco,7/12/20,63.6,50.7,64.8,15,29.9,0,2
San Francisco,7/13/20,61.8,51.5,70.2,13.2,29.9,0,2
San Francisco,7/14/20,63,52,68.4,6.8,29.9,0,2
San Francisco,7/15/20,63,53.5,71.9,7.8,29.9,0,2
San Francisco,7/16/20,62.8,53.2,71.6,11.4,29.9,0,2
San Francisco,7/17/20,64,53.4,69.6,6.4,29.9,0,2
San Francisco,7/18/20,64,55.1,73.6,10,29.9,0,2
San Francisco,7/19/20,62.8,54,73.8,11,30,0,2
San Francisco,7/20/20,61.6,53.2,74.5,14.6,30,0,2
San Francisco,7/21/20,61.1,53,75.6,10.7,29.9,0,2
San Francisco,7/22/20,63.3,53.4,70.9,8.7,29.8,0,2
San Francisco,7/23/20,61.7,52.9,73.5,11,29.9,0,2
San Francisco,7/24/20,59.8,51.3,74,13.5,29.9,0,2
San Francisco,7/25/20,63.1,53.7,72.4,6.5,29.9,0,2
San Francisco,7/26/20,63,54.4,74.3,11.5,29.9,0,2
San Francisco,7/27/20,60.8,53.5,78.2,14.1,29.9,0,2
San Francisco,7/28/20,60,53,78.2,14.6,29.9,0,2
San Francisco,7/29/20,60.1,53.6,80.1,14.4,29.9,0,2
San Francisco,7/30/20,61,53.4,76.8,14.8,30,0,2
San Francisco,7/31/20,60.1,53.1,78.9,12.2,30,0,2
San Francisco,8/1/20,61.4,54.2,77.8,13.8,30,0,2
San Francisco,8/2/20,62,53.3,74.1,13.2,30,0,2
San Francisco,8/3/20,63.6,54.5,73.5,18.9,30,0,2
San Francisco,8/4/20,62.7,54.8,76.4,15,30,0,2
San Francisco,8/5/20,61.7,54.1,76.6,18,29.9,0,2
San Francisco,8/6/20,63.2,54.1,73,12.2,29.9,0,2
San Francisco,8/7/20,64.5,54.3,70.8,8.5,29.9,0,2
San Francisco,8/8/20,64.5,55.9,74.3,8.8,29.9,0,2
San Francisco,8/9/20,63.5,55.8,77.1,9.7,29.9,0,2
San Francisco,8/10/20,64.1,55.8,75.4,10.2,29.9,0,2
San Francisco,8/11/20,64.2,54.7,72.6,10.7,29.9,0,2
San Francisco,8/12/20,62.6,54.7,75.9,11.5,29.9,0,2
San Francisco,8/13/20,68.8,54.7,63.3,8.6,29.9,0,2
San Francisco,8/14/20,78.8,53.1,45.9,8.8,29.9,0,2
San Francisco,8/15/20,76.8,53,48.1,11.1,29.9,0,2
San Francisco,8/16/20,73,59.5,63.5,15.4,29.9,0.04,2
San Francisco,8/17/20,68,56.8,68.3,12.8,29.9,0,2
San Francisco,8/18/20,69.7,55.1,61.4,12.5,29.9,0.01,2
San Francisco,8/19/20,68,52.4,58.4,13.7,29.9,0,2
San Francisco,8/20/20,64.1,55.3,74.9,18,29.9,0,2
San Francisco,8/21/20,67.4,58.6,75.2,15,29.8,0,2
San Francisco,8/22/20,64.8,56,74.9,12.3,29.8,0,2
San Francisco,8/23/20,63.6,55.6,75.9,12.2,29.8,0,2
San Francisco,8/24/20,63.2,55.8,77.7,12.1,29.8,0,2
San Francisco,8/25/20,62.5,56.6,81.9,11.6,29.9,0,2
San Francisco,8/26/20,59.4,53,80.2,13.2,29.8,0,2
San Francisco,8/27/20,59.7,52.8,78.8,11.9,29.8,0,2
San Francisco,8/28/20,60.5,54,80.3,10.8,29.8,0,2
San Francisco,8/29/20,61.5,54.6,78.9,7.5,29.8,0,2
San Francisco,8/30/20,61.4,54.3,77.6,8.9,29.8,0,2
San Francisco,8/31/20,61.4,55,80.2,8.9,29.8,0,2
San Francisco,9/1/20,62.9,54.7,75.2,6.5,29.9,0,2
San Francisco,9/2/20,62.8,53.9,73.1,10.6,30,0,2
San Francisco,9/3/20,61.2,54.2,78,14.6,30,0,2
San Francisco,9/4/20,63,53.9,73.6,14,30,0,2
San Francisco,9/5/20,72.4,54.1,55.8,6.5,29.9,0,2
San Francisco,9/6/20,81.3,52,41.9,8.3,29.9,0,2
San Francisco,9/7/20,77.4,54.3,48.1,10,29.8,0,2
San Francisco,9/8/20,65,55.6,73.4,13.2,29.7,0,2
San Francisco,9/9/20,61.3,56.3,83.9,4,29.8,0,2
San Francisco,9/10/20,62.3,56.3,80.7,5.4,30,0,2
San Francisco,9/11/20,61.6,54.9,79.7,6.9,30,0,2
San Francisco,9/12/20,60.5,55,83.5,9.7,29.9,0,2
San Francisco,9/13/20,59,53.5,82.6,13.1,29.9,0,2
San Francisco,9/14/20,62,53.6,74.8,10.8,30,0,2
San Francisco,9/15/20,65,57.3,76.9,11.8,30,0,2
San Francisco,9/16/20,66,60.7,81,8.5,30,0,2
San Francisco,9/17/20,64.7,60,85.4,8.9,30,0,2
San Francisco,9/18/20,66.7,58.9,76.6,9.5,30,0,2
San Francisco,9/19/20,65.6,57.6,76.4,13.1,30,0,2
San Francisco,9/20/20,66.6,56.7,72.4,9.7,29.9,0,2
San Francisco,9/21/20,63.8,55.2,74.8,12.3,29.9,0,2
San Francisco,9/22/20,64.3,55.4,73.8,14.4,30,0,2
San Francisco,9/23/20,66.3,55.9,70.3,13.2,30.1,0,2
San Francisco,9/24/20,65.9,59.1,79.5,12.7,30,0,2
San Francisco,9/25/20,64.2,55.1,73.1,17.7,30,0,2
San Francisco,9/26/20,66.5,55.6,69.2,13.3,30,0,2
San Francisco,9/27/20,74.2,53,52.5,4.5,29.9,0,2
San Francisco,9/28/20,76.1,49.4,45.2,9.5,29.9,0,2
San Francisco,9/29/20,62.1,56,81.4,13.4,30,0,2
San Francisco,9/30/20,66.6,55.5,70.9,8.1,30,0,2
San Francisco,10/1/20,72.1,53.9,54.2,4.6,29.9,0,1
San Francisco,10/2/20,69.2,57.3,67,7.2,29.9,0,1
San Francisco,10/3/20,64.7,54.8,72.4,9.5,29.9,0,1
San Francisco,10/4/20,59.6,53.4,80.9,14.4,30,0,1
San Francisco,10/5/20,57.1,53.7,89.8,8,30,0,1
San Francisco,10/6/20,57.6,51.8,82.1,12.4,30,0,1
San Francisco,10/7/20,59.1,52.8,79.9,13.2,29.9,0,1
San Francisco,10/8/20,61.9,53.7,75.1,10.4,29.9,0,1
San Francisco,10/9/20,61.9,55.1,79,5.6,29.9,0,1
San Francisco,10/10/20,64.3,57.6,79.4,7.6,30,0,1
San Francisco,10/11/20,63.5,53.6,72.8,9.4,30.1,0,1
San Francisco,10/12/20,66.5,51.5,59.9,6,30.1,0,1
San Francisco,10/13/20,67.6,53.4,61.8,7.1,30.1,0,1
San Francisco,10/14/20,71.5,53.6,54.9,6.3,30.1,0,1
San Francisco,10/15/20,76,44.8,37.9,4,30,0,1
San Francisco,10/16/20,78.3,40.8,29,7.5,29.9,0,1
San Francisco,10/17/20,72.3,49.5,46.3,3.7,29.9,0,1
San Francisco,10/18/20,66.8,53.3,62.9,8.4,30,0,1
San Francisco,10/19/20,61.6,52.8,74.3,10.2,30,0,1
San Francisco,10/20/20,63.8,52.7,69.5,7.2,29.9,0,1
San Francisco,10/21/20,64.1,52.1,66.1,8.3,29.8,0,1
San Francisco,10/22/20,61,52,73.8,9.3,29.8,0,1
San Francisco,10/23/20,59.9,51.1,73.7,7.7,29.9,0,1
San Francisco,10/24/20,60,52.5,77.1,6.6,29.9,0,1
San Francisco,10/25/20,61,48.7,67,9.1,29.9,0,1
San Francisco,10/26/20,64.8,28.1,26.9,12.5,30.1,0,1
San Francisco,10/27/20,65.2,33.7,32.6,6.3,30.1,0,1
San Francisco,10/28/20,61.1,41.3,49.4,5.4,30.1,0,1
San Francisco,10/29/20,59.5,41.1,51.7,6,30,0,1
San Francisco,10/30/20,56.1,49.3,78.6,9.8,30,0,1
San Francisco,10/31/20,59,48.4,70.2,6,30.1,0,1
Chicago,1/13/20,33.1,27.9,81.5,8.6,29.6,0,0
Chicago,1/14/20,36.1,31.7,84.2,9.2,29.4,0,0
Chicago,1/15/20,34.1,31.4,89.8,8.4,29.4,0,0
Chicago,1/16/20,22.1,10,60.7,12.7,29.9,0,0
Chicago,1/17/20,25,17.9,75.1,12.5,29.8,0,0
Chicago,1/18/20,28.5,24,83.5,17.3,29.2,0.42,0
Chicago,1/19/20,11.3,2.5,68,14.2,29.6,0.04,0
Chicago,1/20/20,24.4,15.5,69.2,6.3,29.9,0,0
Chicago,1/21/20,24.6,16.3,71.4,8.8,29.9,0,0
Chicago,1/22/20,30,19.6,65.9,11.8,29.5,0,0
Chicago,1/23/20,32.6,29.3,87.4,8.3,29.4,0.01,0
Chicago,1/24/20,36.4,35.6,97,5.5,29.2,0.16,0
Chicago,1/25/20,33.7,32.4,94.7,10.3,29.2,0.3,0
Chicago,1/26/20,31.1,27.6,86.8,10.7,29.3,0.05,0
Chicago,1/27/20,32.2,27.6,82.9,6.5,29.3,0,0
Chicago,1/28/20,32.2,25,75,5.2,29.4,0,0
Chicago,1/29/20,31.9,25.3,76.9,2.7,29.5,0,0
Chicago,1/30/20,32.9,23.5,68.5,4.8,29.5,0.09,0
Chicago,1/31/20,33.9,28.7,81.6,5.5,29.5,0,0
Chicago,2/1/20,34.6,30.9,86.4,11.5,29.2,0.04,0
Chicago,2/2/20,43.3,31.8,64.8,15,28.9,0,0
Chicago,2/3/20,38.8,31.8,76.5,8.9,29.1,0,0
Chicago,2/4/20,34.8,25.6,69.4,20.6,29.3,0,0
Chicago,2/5/20,28.8,21,73.8,13.1,29.3,0,0
Chicago,2/6/20,29,23.9,81.5,12,29,0.05,0
Chicago,2/7/20,29.5,16.8,61.7,8.6,29.1,0.05,0
Chicago,2/8/20,30.4,21.7,70.8,7.4,29.4,0,0
Chicago,2/9/20,32.2,27.8,84.5,11.2,29.4,0,0
Chicago,2/10/20,30.6,24.6,78.7,7.8,29.4,0.05,0
Chicago,2/11/20,30,20.9,70,11,29.4,0,0
Chicago,2/12/20,31.7,26.4,81.5,6,29.3,0,0
Chicago,2/13/20,20,13.7,77.2,12.5,29.4,0.2,0
Chicago,2/14/20,6,-5.5,59.6,8.4,29.8,0,0
Chicago,2/15/20,24.2,14.7,67.3,14,29.5,0,0
Chicago,2/16/20,30.3,21.8,72.8,4.4,29.4,0,0
Chicago,2/17/20,35.6,29.9,80.9,10.2,29.3,0,0
Chicago,2/18/20,34.9,26.6,73,13.1,29.4,0.13,0
Chicago,2/19/20,23.5,4.8,46,9.3,29.9,0,0
Chicago,2/20/20,18.3,-2.6,40.8,10.1,30,0,0
Chicago,2/21/20,25.4,8.7,50.9,12.7,29.8,0,0
Chicago,2/22/20,37.8,20.9,51.6,12,29.5,0,0
Chicago,2/23/20,43.4,28,55.6,10.4,29.3,0,0
Chicago,2/24/20,39.8,30.2,68.9,11,29.2,0,0
Chicago,2/25/20,35.7,31,83.5,19.6,29.3,0,0
Chicago,2/26/20,29.7,23,77.1,16.1,29.4,0.03,0
Chicago,2/27/20,26.5,13.4,58.2,11.2,29.4,0,0
Chicago,2/28/20,23.3,6.8,50,9.5,29.4,0,0
Chicago,2/29/20,27.1,9.2,48.3,9,29.5,0,0
Chicago,3/1/20,45.3,32.9,62.3,12.8,29.2,0,0
Chicago,3/2/20,42,30.6,65.3,6.4,29.1,0,0
Chicago,3/3/20,39.8,28.4,65.3,12.6,29,0,0
Chicago,3/4/20,40.9,26.5,59.6,7.3,29.3,0.01,0
Chicago,3/5/20,42.2,26.8,55.9,16.1,29.3,0.02,0
Chicago,3/6/20,33.7,23.1,65.6,15.7,29.6,0,0
Chicago,3/7/20,38.6,21.9,55.1,10.7,29.8,0,0
Chicago,3/8/20,52.7,25,36,17.7,29.5,0,0
Chicago,3/9/20,53.7,45.6,76.3,17,29.3,0.01,0
Chicago,3/10/20,40.9,36,83.5,9.6,29.4,0.86,0
Chicago,3/11/20,39.3,31.6,74.2,6.3,29.4,0,0
Chicago,3/12/20,46.8,36.9,69.6,11.2,29.1,0,0
Chicago,3/13/20,40.6,20.6,47.5,16,29.5,0,0
Chicago,3/14/20,36.4,24.5,63.7,12.3,29.8,0,0
Chicago,3/15/20,35.8,25,65.5,10.5,29.9,0,0
Chicago,3/16/20,37.3,33.4,86.5,6.2,29.6,0,0
Chicago,3/17/20,40.3,25.3,59.9,9,29.6,0.01,0
Chicago,3/18/20,42.1,36.6,83.1,7.6,29.4,0,0
Chicago,3/19/20,47.8,47.6,99.4,9.6,29.3,0.53,0
Chicago,3/20/20,43.1,37.4,81,15.3,29.4,0.27,0
Chicago,3/21/20,29.7,17.7,61.1,10.5,29.9,0,0
Chicago,3/22/20,31.9,27.7,85.6,6.9,29.7,0,4
Chicago,3/23/20,36.4,32.9,88.3,3.7,29.5,0.2,4
Chicago,3/24/20,37.4,33.2,85.3,4.5,29.4,0,4
Chicago,3/25/20,46,39.3,78.8,7.5,29.3,0,4
Chicago,3/26/20,45.4,42.5,89.8,9,29.2,0,4
Chicago,3/27/20,43.8,42.8,96.4,10.4,29.2,0,4
Chicago,3/28/20,50.9,50.2,97.8,9.6,29,0.59,4
Chicago,3/29/20,49,39.7,70.7,21.4,29,0.21,4
Chicago,3/30/20,44,33.3,66.2,13.2,29.4,0.01,4
Chicago,3/31/20,38.9,34.3,83.6,11.9,29.4,0,4
Chicago,4/1/20,42.9,36.3,78.7,7.7,29.4,0,4
Chicago,4/2/20,45.7,33.1,66.2,4.8,29.5,0,4
Chicago,4/3/20,56.8,39.5,54.4,7.2,29.4,0,4
Chicago,4/4/20,43.1,39,86,9.2,29.4,0.07,4
Chicago,4/5/20,42.2,28.4,63.3,9.1,29.5,0.01,4
Chicago,4/6/20,52,42.1,71.6,6.6,29.4,0,4
Chicago,4/7/20,67,58.3,76.3,9.9,29,0.24,4
Chicago,4/8/20,54.8,50.1,85.5,8.1,29.1,0.31,4
Chicago,4/9/20,43.3,24.9,49.8,18.4,29.1,0.23,4
Chicago,4/10/20,41.2,23.9,51.4,10.2,29.3,0,4
Chicago,4/11/20,53,32,48.5,9.4,29.2,0,4
Chicago,4/12/20,56.7,49.2,77.3,10.5,28.9,0.16,4
Chicago,4/13/20,40.7,27,62.1,18.3,29.1,0.08,4
Chicago,4/14/20,35.5,17.7,50,13.9,29.5,0,4
Chicago,4/15/20,32.2,20.9,66.6,8.4,29.4,0.01,4
Chicago,4/16/20,38.3,14.9,39.3,9,29.6,0.02,4
Chicago,4/17/20,35.7,31.7,86.8,8,29.4,0.21,4
Chicago,4/18/20,46.5,31.4,59.6,15.2,29.3,0.07,4
Chicago,4/19/20,49.8,32.5,52.8,10.8,29.1,0,4
Chicago,4/20/20,51.3,33.2,53.8,11.7,29,0,4
Chicago,4/21/20,43.7,18.5,38.4,14.7,29.2,0.03,4
Chicago,4/22/20,48.8,31,52.1,7.2,29.2,0,4
Chicago,4/23/20,50.6,43.5,77.3,6.7,29.1,0.01,4
Chicago,4/24/20,44.3,40.1,85.6,9.1,29.2,0,4
Chicago,4/25/20,44.4,40.7,87.3,12.1,29.3,0.11,4
Chicago,4/26/20,51.3,31.6,50.3,10.8,29.4,0.46,4
Chicago,4/27/20,55.2,41.1,62.8,9.4,29.4,0,4
Chicago,4/28/20,64.2,57.1,80,9.9,29.1,0.54,4
Chicago,4/29/20,53.2,52,95.6,11.4,28.9,0.96,4
Chicago,4/30/20,46.4,39.4,77.6,14.1,29.1,1.64,4
Chicago,5/1/20,54.3,36.1,54.4,4.1,29.3,0,4
Chicago,5/2/20,67.5,47,49.1,12.1,29.2,0,4
Chicago,5/3/20,64.2,36,36.9,10.3,29.3,0,4
Chicago,5/4/20,44.2,34.1,68.2,15,29.4,0,4
Chicago,5/5/20,45.2,36.5,72.9,9.2,29.3,0.06,4
Chicago,5/6/20,51.3,26.3,39.7,7.7,29.4,0.17,4
Chicago,5/7/20,53.9,33.3,48.2,10.8,29.3,0,4
Chicago,5/8/20,40.9,25.3,54,14.8,29.4,0,4
Chicago,5/9/20,46.7,22.3,42.9,9.8,29.5,0,3
Chicago,5/10/20,44.9,38.5,80.5,10.8,29.3,0,3
Chicago,5/11/20,44.2,33.2,67,7.6,29.5,0.42,3
Chicago,5/12/20,50,28.9,46.9,9.1,29.5,0,3
Chicago,5/13/20,57.4,31.6,39.1,12.3,29.5,0,3
Chicago,5/14/20,61.7,59.5,92.9,8.5,29.3,0.12,3
Chicago,5/15/20,65.4,59.7,83.9,8.1,29.2,1.91,3
Chicago,5/16/20,57.8,48.5,72.2,9.9,29.4,0.02,3
Chicago,5/17/20,61,60.6,98.5,9.1,29.1,1.02,3
Chicago,5/18/20,58.8,55.7,90.2,8.8,29.1,3.18,3
Chicago,5/19/20,55.3,54.1,95.9,12.3,29.3,0.13,3
Chicago,5/20/20,59.2,49.8,71.7,12.9,29.4,0,3
Chicago,5/21/20,60,51.2,73.7,6.5,29.4,0,3
Chicago,5/22/20,62,56.2,82.1,4.8,29.4,0,3
Chicago,5/23/20,68.6,61.3,79.5,8.1,29.2,0,3
Chicago,5/24/20,76.8,64,67,6.5,29.2,0.34,3
Chicago,5/25/20,77.5,64.3,65.7,8.4,29.3,0,3
Chicago,5/26/20,80.6,64.9,59.9,9.6,29.3,0,3
Chicago,5/27/20,77.7,65.8,67.9,6.7,29.3,0,3
Chicago,5/28/20,73,65.3,78,9.3,29.2,0.02,3
Chicago,5/29/20,66.3,54.3,68,11.1,29.3,0.26,3
Chicago,5/30/20,62,47,58.8,8.4,29.5,0,2
Chicago,5/31/20,58.7,40.3,51.6,9.2,29.6,0,2
Chicago,6/1/20,66.2,44.2,45.3,10.8,29.5,0,2
Chicago,6/2/20,80.8,60.4,51.1,15.1,29.2,0.01,2
Chicago,6/3/20,76,60.5,60.3,7.8,29.2,0,2
Chicago,6/4/20,78.1,64.4,64.3,7.5,29.1,0.01,2
Chicago,6/5/20,80.4,64.8,61.1,7.8,29.2,0,2
Chicago,6/6/20,70.4,52.5,55.4,10.4,29.4,0,2
Chicago,6/7/20,68.8,52.8,57.9,7.8,29.4,0,2
Chicago,6/8/20,78.9,50.9,40.9,9.2,29.3,0,2
Chicago,6/9/20,79.2,67.3,70.1,15.9,28.9,0,2
Chicago,6/10/20,72.8,65.4,78.9,15.9,28.9,0.45,2
Chicago,6/11/20,71.8,49,48.3,12.9,29.4,0.03,2
Chicago,6/12/20,66.9,49.3,54.1,7.5,29.6,0,2
Chicago,6/13/20,59.2,45.8,62,13.7,29.6,0.07,2
Chicago,6/14/20,62.5,43.2,51.3,10.7,29.7,0,2
Chicago,6/15/20,65.3,43.4,48.4,8,29.7,0,2
Chicago,6/16/20,71.6,54.1,56,6.9,29.6,0,2
Chicago,6/17/20,76.3,53.2,47.2,6,29.5,0,2
Chicago,6/18/20,77.9,52.4,42.8,6,29.4,0,2
Chicago,6/19/20,82,57,44.1,4.3,29.3,0,2
Chicago,6/20/20,80,62.2,57.3,10.1,29.3,0,2
Chicago,6/21/20,75.7,64.8,70.5,7.3,29.2,0.38,2
Chicago,6/22/20,73,66.3,80.7,8.4,29.1,0,2
Chicago,6/23/20,70,54.2,59.3,12.1,29.1,0.58,2
Chicago,6/24/20,70.8,53.8,57.1,7.5,29.2,0,2
Chicago,6/25/20,73.8,54.8,52.7,7,29.3,0.07,2
Chicago,6/26/20,74.5,66.3,77,11.9,29.2,0,2
Chicago,6/27/20,78.6,68.8,73.9,7.8,29.1,1.56,1
Chicago,6/28/20,77,68.4,75.7,5.8,29.1,0,1
Chicago,6/29/20,78.3,69.4,75.5,7.5,29.3,0.14,1
Chicago,6/30/20,79.9,69.7,71.9,6.9,29.2,0.28,1
Chicago,7/1/20,80.5,64,58.6,8.8,29.3,0,1
Chicago,7/2/20,81.1,61.8,54.4,6.9,29.4,0,1
Chicago,7/3/20,80.6,60.3,52.5,5,29.4,0,1
Chicago,7/4/20,81,66.3,61.9,6.1,29.3,0,1
Chicago,7/5/20,83,62.9,52.1,5.7,29.3,0,1
Chicago,7/6/20,85.6,62.4,46.6,4.2,29.3,0,1
Chicago,7/7/20,84.8,66.1,54.8,8.5,29.3,0,1
Chicago,7/8/20,82.8,67.2,60.3,4.3,29.3,0.01,1
Chicago,7/9/20,83.7,68.4,61.7,10.7,29.2,0,1
Chicago,7/10/20,76.4,66.8,75.2,10.8,29.2,0.51,1
Chicago,7/11/20,78,62.5,59.8,8.3,29.2,0,1
Chicago,7/12/20,73.7,62.4,69,10.5,29.2,0.04,1
Chicago,7/13/20,73.5,59,62.2,6.3,29.3,0,1
Chicago,7/14/20,77.5,58.9,53.7,8.1,29.4,0,1
Chicago,7/15/20,76.7,66.2,71.4,9.4,29.3,0,1
Chicago,7/16/20,73.7,65.3,75.7,9.4,29.3,0.82,1
Chicago,7/17/20,79,65.7,65.4,7.4,29.4,0,1
Chicago,7/18/20,83.4,73.5,72.5,12.3,29.3,0,1
Chicago,7/19/20,77,69.9,79.6,13.6,29.2,0.05,1
Chicago,7/20/20,77,61.2,59.9,7.2,29.3,0.56,1
Chicago,7/21/20,75.6,65.3,71.1,7.5,29.3,0,1
Chicago,7/22/20,76.7,67.8,76.4,8.4,29.3,0.06,1
Chicago,7/23/20,73.7,60.6,64.3,6.7,29.4,0,1
Chicago,7/24/20,75.8,65.2,70.7,6.4,29.5,0,1
Chicago,7/25/20,80.7,65.5,61.8,6,29.4,0,1
Chicago,7/26/20,84.3,71.1,66.2,11.7,29.3,0,1
Chicago,7/27/20,78.1,68.8,75.7,8.3,29.3,0.04,1
Chicago,7/28/20,78.9,60,53.7,9.4,29.3,0.17,1
Chicago,7/29/20,79.5,64.3,60.5,10.6,29.3,0,1
Chicago,7/30/20,77.3,61.3,58.3,13.3,29.2,0,1
Chicago,7/31/20,74.8,59.8,61,10.1,29.3,0,1
Chicago,8/1/20,73.8,62.2,67.7,6.9,29.2,0,1
Chicago,8/2/20,72.4,63.7,76.9,7.9,29.2,0.21,1
Chicago,8/3/20,67.4,59.9,77.7,11.4,29.3,0.09,1
Chicago,8/4/20,66.9,49,54.4,9.7,29.4,0,1
Chicago,8/5/20,68.2,50.7,55.1,7.2,29.4,0,1
Chicago,8/6/20,72.5,53.9,53.3,5.4,29.4,0,1
Chicago,8/7/20,74.3,56.4,55.2,5.4,29.5,0,1
Chicago,8/8/20,77.7,61.5,57.8,10.1,29.4,0,1
Chicago,8/9/20,80.8,68.3,67.1,11,29.4,0,1
Chicago,8/10/20,77.8,70.4,78.7,11.5,29.3,0,1
Chicago,8/11/20,73.9,57.9,61.4,7.6,29.3,0.32,1
Chicago,8/12/20,75.1,58.6,58.7,6,29.4,0,1
Chicago,8/13/20,77.5,60.8,59.6,6.4,29.4,0,1
Chicago,8/14/20,79.5,60.3,54.6,7.6,29.3,0,1
Chicago,8/15/20,78.1,65,66,7,29.3,0,1
Chicago,8/16/20,74.7,54.6,51.7,7.9,29.3,0,1
Chicago,8/17/20,76.3,54.5,48.2,5.3,29.3,0,1
Chicago,8/18/20,72.9,53,50.4,11,29.4,0,1
Chicago,8/19/20,71.8,52.4,52.2,5.6,29.4,0,1
Chicago,8/20/20,74.7,52.7,47.6,5.9,29.3,0,1
Chicago,8/21/20,76.8,56.6,51.6,5.2,29.3,0,1
Chicago,8/22/20,78.2,59,53.3,7.6,29.3,0,1
Chicago,8/23/20,79.7,62.5,56.6,8.2,29.3,0,1
Chicago,8/24/20,84.4,66.6,58.4,7.7,29.3,0,1
Chicago,8/25/20,82.1,64.7,56.7,8.3,29.4,0,1
Chicago,8/26/20,83.6,67,59.3,10.8,29.3,0,1
Chicago,8/27/20,84.8,70,63.1,11.6,29.2,0,1
Chicago,8/28/20,84.5,70,64.1,10.1,29.1,0,1
Chicago,8/29/20,76.5,54.9,49.9,12.1,29.1,0.05,1
Chicago,8/30/20,71.7,55.4,57,8.8,29.2,0,1
Chicago,8/31/20,75.4,57.7,55.3,9.5,29.2,0,1
Chicago,9/1/20,71.6,66.7,84.6,7,29.2,0.11,1
Chicago,9/2/20,76.5,59.9,62.9,10.5,29.1,0.27,1
Chicago,9/3/20,75.5,53,50.3,14,29.1,0,1
Chicago,9/4/20,69,43.9,42.8,8.8,29.4,0,1
Chicago,9/5/20,72.7,51.2,48.3,11.3,29.5,0,1
Chicago,9/6/20,70,59.6,70.6,12.3,29.3,0.07,1
Chicago,9/7/20,72.3,57.5,60.9,13.2,29.2,0.41,1
Chicago,9/8/20,63.4,60,89,13,29.4,0.59,1
Chicago,9/9/20,62.8,58.6,86.2,10.3,29.5,0.74,1
Chicago,9/10/20,62.1,55.8,80.5,11.6,29.6,0,1
Chicago,9/11/20,65.2,58,77.9,10.3,29.6,0.16,1
Chicago,9/12/20,67.7,63.5,86.5,9.3,29.3,0,1
Chicago,9/13/20,66.9,57,71.8,7.1,29.4,0.34,1
Chicago,9/14/20,66,56.5,72.8,3.7,29.7,0,1
Chicago,9/15/20,68.5,54.6,63,7.8,29.5,0,1
Chicago,9/16/20,71.4,56.8,60.7,10.5,29.4,0,1
Chicago,9/17/20,65.5,51.4,61.7,14,29.4,0,1
Chicago,9/18/20,57.5,39.2,51.3,13.5,29.6,0,1
Chicago,9/19/20,56,37.6,51.3,5.8,29.7,0,1
Chicago,9/20/20,61.6,38.8,45.8,6.7,29.7,0,1
Chicago,9/21/20,64.2,41.7,45.4,7.2,29.7,0,1
Chicago,9/22/20,67.3,49.6,54,6.5,29.5,0,1
Chicago,9/23/20,68,54.3,62.9,6.5,29.4,0,1
Chicago,9/24/20,68.5,53.3,60,7.8,29.3,0,1
Chicago,9/25/20,70.8,52.9,54.7,8.6,29.3,0,1
Chicago,9/26/20,69,59,72.1,14.5,29.1,0,1
Chicago,9/27/20,68.3,55.1,64.5,11.5,29.1,0,1
Chicago,9/28/20,55.6,48.5,77.5,9.4,29.1,0.3,1
Chicago,9/29/20,54.1,43.7,69,8.5,29.2,0.03,1
Chicago,9/30/20,57.6,42.4,58.4,13.6,29,0,1
Chicago,10/1/20,51.6,41.9,70.1,9.3,29.3,0,1
Chicago,10/2/20,49.1,33.8,58.6,8.5,29.5,0.27,1
Chicago,10/3/20,50.4,38.1,64,5.3,29.5,0,1
Chicago,10/4/20,48,36.9,67.5,10.2,29.5,0.2,1
Chicago,10/5/20,51.6,32,51.1,9.3,29.5,0,1
Chicago,10/6/20,61.3,41.6,49.1,11,29.2,0,1
Chicago,10/7/20,66.4,44.5,47.8,9.5,29.2,0,1
Chicago,10/8/20,58.6,44.5,61.5,5.4,29.5,0,1
Chicago,10/9/20,67.3,47.6,50.6,11.8,29.3,0,1
Chicago,10/10/20,65.4,54.4,68.3,11.7,29.3,0,1
Chicago,10/11/20,63.1,52.7,69.4,8.8,29.3,0,1
Chicago,10/12/20,59.6,53.6,81,12.6,29.1,0,1
Chicago,10/13/20,57.8,35,46.7,12,29.3,0.29,1
Chicago,10/14/20,62.9,36.8,40.3,12.3,29.1,0,1
Chicago,10/15/20,52.7,29.3,41.5,14,29.3,0,1
Chicago,10/16/20,45.3,25.4,46.6,11,29.5,0,1
Chicago,10/17/20,53,25.8,37.6,15.1,29.4,0,1
Chicago,10/18/20,47.3,36.5,69.8,9.3,29.4,0,1
Chicago,10/19/20,43.3,35.9,75.5,8.9,29.6,0.21,1
Chicago,10/20/20,48.6,41.8,77.9,9.4,29.4,0.05,1
Chicago,10/21/20,50.9,43.8,77.1,9.1,29.5,0.14,1
Chicago,10/22/20,56.3,51.4,84.9,11.5,29.4,2.47,1
Chicago,10/23/20,55.5,48.9,78.8,13,29.3,0.07,1
Chicago,10/24/20,41.4,29.4,62.7,9.6,29.6,0.49,1
Chicago,10/25/20,45.2,33.6,64.2,12.5,29.5,0,1
Chicago,10/26/20,37,30.3,77,10.9,29.6,0,1
Chicago,10/27/20,35.3,29.6,80.1,5.8,29.6,0.01,1
Chicago,10/28/20,41.5,27.4,59,8.4,29.4,0.07,1
Chicago,10/29/20,44.1,33.1,65.5,15.4,29.3,0,1
Chicago,10/30/20,36.8,22,55.8,7.2,29.6,0,1
Chicago,10/31/20,46.3,31,57.1,12.8,29.5,0,2
Saint Louis,2/25/20,37.4,34.3,88.9,12,29.3,0,0
Saint Louis,2/26/20,32.5,25.9,77.6,13.5,29.5,0.17,0
Saint Louis,2/27/20,35.5,21.9,59,8.7,29.5,0.06,0
Saint Louis,2/28/20,36.6,25.4,64.4,9.3,29.5,0,0
Saint Louis,2/29/20,37.2,21.7,56.3,7.4,29.5,0,0
Saint Louis,3/1/20,55.2,41.1,61.3,11.4,29.2,0,0
Saint Louis,3/2/20,50.2,38.6,65.7,6.6,29.1,0.09,0
Saint Louis,3/3/20,50.3,30,49.6,9.5,29.1,0,0
Saint Louis,3/4/20,49.3,28.5,45.3,7.8,29.3,0,0
Saint Louis,3/5/20,49.9,25.8,42,13.6,29.4,0,0
Saint Louis,3/6/20,43.1,22.5,45.5,12.4,29.8,0,0
Saint Louis,3/7/20,45.8,22.9,43.4,10.3,29.8,0,0
Saint Louis,3/8/20,58.8,22.4,27.4,14.1,29.6,0,0
Saint Louis,3/9/20,58.8,48.8,72.2,14.9,29.4,0,0
Saint Louis,3/10/20,43.4,38.1,81.7,11.3,29.5,0.45,0
Saint Louis,3/11/20,48.1,41,77.3,5.9,29.4,0,0
Saint Louis,3/12/20,51.4,48.2,89,10.9,29.1,0,0
Saint Louis,3/13/20,44.2,27.6,53.1,7.7,29.6,0.97,0
Saint Louis,3/14/20,40.4,33.7,77.9,12,29.7,0.16,0
Saint Louis,3/15/20,38.3,29.9,72.1,7.9,29.8,0.32,0
Saint Louis,3/16/20,41.4,35.9,80.8,4.3,29.6,0,0
Saint Louis,3/17/20,45.8,38.5,76.7,5.3,29.6,0.03,0
Saint Louis,3/18/20,49.9,45.5,82.8,7.7,28.8,0,0
Saint Louis,3/19/20,61.5,58,88.3,11.3,29.2,0.29,0
Saint Louis,3/20/20,48,39.8,73.2,15.1,29.5,0,0
Saint Louis,3/21/20,37.8,25.5,62.1,8.5,29.8,0,0
Saint Louis,3/22/20,37,31.6,81.4,7.9,29.6,0,0
Saint Louis,3/23/20,41,35.6,81.6,3.8,29.5,0.16,0
Saint Louis,3/24/20,43,38.3,83.4,8.6,29.3,0,0
Saint Louis,3/25/20,50.4,43.1,78,6.2,29.3,0.1,0
Saint Louis,3/26/20,58.1,50.8,77.7,7.8,29.1,0,0
Saint Louis,3/27/20,64.3,57.3,79.1,8.2,29.1,0.2,0
Saint Louis,3/28/20,70.7,60.8,72.4,12.4,29,0.16,0
Saint Louis,3/29/20,59.7,33.7,39.4,19.9,29.2,0.06,0
Saint Louis,3/30/20,56.4,30.5,39.8,4.4,29.5,0,0
Saint Louis,3/31/20,53.4,36,53.1,7.6,29.3,0,0
Saint Louis,4/1/20,49.2,35,60.5,5.2,29.4,0,0
Saint Louis,4/2/20,59,38.8,48.3,13.3,29.4,0,0
Saint Louis,4/3/20,58.5,45.8,64.4,9.7,29.4,0.01,0
Saint Louis,4/4/20,39.9,35.2,83.4,9.2,29.5,0.03,4
Saint Louis,4/5/20,48.6,39.8,71.8,3.8,29.5,0.06,4
Saint Louis,4/6/20,60.6,49.5,68.7,5.7,29.4,0,4
Saint Louis,4/7/20,74.5,57.7,56.9,10.2,29.1,0,4
Saint Louis,4/8/20,73.7,52.6,52.7,10.7,29.1,0,4
Saint Louis,4/9/20,52.3,25.5,37.5,15.6,29.3,0,4
Saint Louis,4/10/20,46.9,19.8,35.8,7.4,29.4,0,4
Saint Louis,4/11/20,36.2,19.8,26.5,6.3,29.2,0,4
Saint Louis,4/12/20,57.5,50.9,79.7,10.9,28.9,0.01,4
Saint Louis,4/13/20,41,26.8,59.8,16.8,29.3,0.33,4
Saint Louis,4/14/20,43,18.9,40.4,7.9,29.6,0,4
Saint Louis,4/15/20,44.1,21.9,42.2,10.6,29.5,0,4
Saint Louis,4/16/20,46.8,25.1,43.7,11.4,29.6,0,4
Saint Louis,4/17/20,43.9,36.4,75.4,10.4,29.4,0.18,4
Saint Louis,4/18/20,48.5,29.5,53,7.7,29.4,0.06,4
Saint Louis,4/19/20,59.5,39.7,48.4,7.4,29.1,0,4
Saint Louis,4/20/20,59.2,36.4,44.7,7,29.1,0,4
Saint Louis,4/21/20,57.5,31.1,39.3,9,29.3,0,4
Saint Louis,4/22/20,60.4,39,49.2,10.3,29.3,0,4
Saint Louis,4/23/20,57.1,52.4,84.5,7.5,29,0.57,4
Saint Louis,4/24/20,60.8,51.9,75.2,7.3,29.1,0.1,4
Saint Louis,4/25/20,54.3,50.6,87.3,12.2,29.1,0.85,4
Saint Louis,4/26/20,55.5,38.8,57.2,7.1,29.5,0.75,4
Saint Louis,4/27/20,61.7,43.8,52.8,10.5,29.4,0,4
Saint Louis,4/28/20,68.6,55.6,66.1,10,29.1,0,4
Saint Louis,4/29/20,53.7,48.7,83.3,13.7,29,1.72,4
Saint Louis,4/30/20,58.7,41.5,55.5,12,29.2,0.15,4
Saint Louis,5/1/20,65.9,43.8,48.5,6.1,29.3,0,4
Saint Louis,5/2/20,76.9,58.7,53.5,7.3,29.3,0,4
Saint Louis,5/3/20,67.6,52.2,58.9,8.8,29.3,0,4
Saint Louis,5/4/20,60.3,50.3,71.8,8.1,29.3,0,4
Saint Louis,5/5/20,55.8,49.9,81.7,10.5,29.2,0.57,3
Saint Louis,5/6/20,52.4,40,65.1,10.5,29.5,0.24,3
Saint Louis,5/7/20,59.6,42.2,55.8,7.3,29.4,0,3
Saint Louis,5/8/20,53.1,42,70,10.1,29.3,0.25,3
Saint Louis,5/9/20,54.1,31.7,46.6,3.6,29.5,0.17,3
Saint Louis,5/10/20,54.2,34.4,48.1,14,29.5,0,3
Saint Louis,5/11/20,51.4,32,49.5,7.5,29.6,0,3
Saint Louis,5/12/20,52.9,39.1,60,6.6,29.6,0,3
Saint Louis,5/13/20,54.2,50.7,87.8,10.6,29.4,0.03,3
Saint Louis,5/14/20,69.6,61.2,76.3,12.3,29.3,0,3
Saint Louis,5/15/20,67.9,60,76.7,7.8,29.3,0.7,3
Saint Louis,5/16/20,70.2,63.5,80,8.9,29.3,0.01,3
Saint Louis,5/17/20,68.8,63.5,83.8,7.4,29.1,1.28,3
Saint Louis,5/18/20,60.5,52.5,75.2,10.2,29.1,0.63,3
Saint Louis,5/19/20,59.9,55.2,84.6,9.7,29.2,0.01,3
Saint Louis,5/20/20,62.5,57.2,83,7.9,29.3,0.07,3
Saint Louis,5/21/20,61,54.5,79.8,6.8,29.4,0.01,3
Saint Louis,5/22/20,69.9,59.4,70.6,7.3,29.3,0,3
Saint Louis,5/23/20,77.3,62.2,61.7,8.5,29.2,0,3
Saint Louis,5/24/20,75.9,64.3,67.8,7.4,29.3,0,3
Saint Louis,5/25/20,74.1,65.6,76.1,8.9,29.3,0.18,3
Saint Louis,5/26/20,77.6,65.3,66.6,13.5,29.2,0.47,3
Saint Louis,5/27/20,70.5,66,85.7,8.4,29.2,0.16,3
Saint Louis,5/28/20,72.9,63.1,72.4,8.1,29.2,0.53,3
Saint Louis,5/29/20,68.9,57.7,70.5,8.6,29.4,0.14,3
Saint Louis,5/30/20,68.1,50.1,54.1,5.5,29.5,0,3
Saint Louis,5/31/20,70.8,50,50.3,4.2,29.6,0,3
Saint Louis,6/1/20,74.2,53.3,48.6,9.1,29.5,0,3
Saint Louis,6/2/20,80.1,58.7,48.7,11,29.4,0,3
Saint Louis,6/3/20,80.7,64.9,59.3,9.3,29.2,0,3
Saint Louis,6/4/20,75.9,64,67.1,6,29.2,0.18,3
Saint Louis,6/5/20,79.2,67.1,67.1,4.6,29.2,0,3
Saint Louis,6/6/20,84.1,68.1,61.3,2.8,29.3,0,3
Saint Louis,6/7/20,83,60.9,48.1,9.3,29.3,0,3
Saint Louis,6/8/20,81.4,61.1,50.4,12.1,29.2,0,3
Saint Louis,6/9/20,80,71.8,76.9,18.7,28.9,0.07,3
Saint Louis,6/10/20,72.1,56.5,58.9,16.9,29.1,0.08,3
Saint Louis,6/11/20,74.6,50.8,47,7.1,29.5,0,3
Saint Louis,6/12/20,81.1,55.1,41.8,5,29.6,0,3
Saint Louis,6/13/20,79.7,52.7,40.1,6.2,29.5,0,3
Saint Louis,6/14/20,74.3,55.3,52,10.2,29.5,0,3
Saint Louis,6/15/20,73.3,47.2,41.3,7.7,29.6,0,3
Saint Louis,6/16/20,74.2,50.4,44.3,4.5,29.6,0,1
Saint Louis,6/17/20,77.2,55.2,48.2,6,29.5,0,1
Saint Louis,6/18/20,79.8,56,45.6,4,29.4,0,1
Saint Louis,6/19/20,81.8,60.4,49.7,4.8,29.4,0,1
Saint Louis,6/20/20,79.6,65,61.7,7.6,29.3,0,1
Saint Louis,6/21/20,76.8,65.7,70.4,7.2,29.3,0.8,1
Saint Louis,6/22/20,76.5,67.9,75.8,7,29.1,0,1
Saint Louis,6/23/20,72.5,59.8,67.2,8.6,29.2,0.38,1
Saint Louis,6/24/20,75.1,56.5,54.6,5.3,29.3,0,1
Saint Louis,6/25/20,80.4,59.4,50.4,4,29.3,0,1
Saint Louis,6/26/20,84.8,66.6,55.1,12.5,29.3,0,1
Saint Louis,6/27/20,80,69.9,71.3,11.2,29.2,0,1
Saint Louis,6/28/20,80,70.1,73.4,7.4,29.1,0.13,1
Saint Louis,6/29/20,83.7,69,61.6,10.5,29.2,0.03,1
Saint Louis,6/30/20,72.9,68.5,86,9.5,29.2,0.01,1
Saint Louis,7/1/20,76,70.4,82.8,6.2,29.2,1.03,1
Saint Louis,7/2/20,79.5,70.6,75.6,3.5,29.3,0.1,1
Saint Louis,7/3/20,82.9,70.7,67.5,6.8,29.3,0,1
Saint Louis,7/4/20,83.1,66.7,59.2,4.9,29.3,0,1
Saint Louis,7/5/20,83,69.8,65.4,3.4,29.3,0,1
Saint Louis,7/6/20,84.7,70.6,63.7,4.2,29.3,0,1
Saint Louis,7/7/20,84.6,71.1,65.1,3.9,29.3,0,1
Saint Louis,7/8/20,84.9,70.8,63.5,5.4,29.3,0.07,1
Saint Louis,7/9/20,86.6,71.5,62,9,29.2,0,1
Saint Louis,7/10/20,83.2,65.6,57,8.2,29.3,0,1
Saint Louis,7/11/20,87,68.6,56.3,7.6,29.3,0,1
Saint Louis,7/12/20,81.5,66,60.2,8,29.2,0,1
Saint Louis,7/13/20,80.1,61.7,55.6,6.4,29.3,0,1
Saint Louis,7/14/20,83.3,63.3,51.8,10.3,29.3,0,1
Saint Louis,7/15/20,79.6,70.6,74.5,10.8,29.3,0,1
Saint Louis,7/16/20,76.4,66.7,72.9,6.7,29.4,1.34,1
Saint Louis,7/17/20,81.3,72.6,75,7.2,29.4,0,1
Saint Louis,7/18/20,85.1,71.2,65.2,9.3,29.4,0.6,1
Saint Louis,7/19/20,83.7,73.2,71.5,12.3,29.3,0,1
Saint Louis,7/20/20,79.8,70.9,74.9,4.8,29.4,0.93,1
Saint Louis,7/21/20,78.8,71.3,78.8,8.4,29.3,0.02,1
Saint Louis,7/22/20,81.1,71.4,73.4,4.6,29.3,0.43,1
Saint Louis,7/23/20,82.6,72.4,72.4,4,29.4,0,1
Saint Louis,7/24/20,83,71.5,69.3,5.9,29.4,0,1
Saint Louis,7/25/20,85.3,72.2,66,6.8,29.4,0,1
Saint Louis,7/26/20,87.3,71.7,60.8,9.4,29.4,0,1
Saint Louis,7/27/20,79.5,72.3,79,6.7,29.3,0,1
Saint Louis,7/28/20,80.9,64.7,60.9,5.1,29.3,0.29,1
Saint Louis,7/29/20,79.7,71.6,77.6,6.8,29.3,0,1
Saint Louis,7/30/20,76.4,72.4,87.6,8.8,29.2,3.39,1
Saint Louis,7/31/20,70.8,66.3,85.5,10,29.2,0.72,1
Saint Louis,8/1/20,71.1,64.2,79.2,6.9,29.2,1.25,1
Saint Louis,8/2/20,76.3,65.4,70.2,5.4,29.3,0.01,1
Saint Louis,8/3/20,72,64.8,78.3,7.6,29.4,0,1
Saint Louis,8/4/20,67,57.6,72.8,6.8,29.4,0.02,1
Saint Louis,8/5/20,69.4,54.5,61.5,3.2,29.4,0,1
Saint Louis,8/6/20,72,56.6,60.5,4.5,29.4,0,1
Saint Louis,8/7/20,76.3,60.5,59.4,9,29.4,0,1
Saint Louis,8/8/20,79.4,69.5,72.4,10,29.4,0,1
Saint Louis,8/9/20,76.9,70,80.7,11.4,29.4,3.75,1
Saint Louis,8/10/20,79.8,70.6,74.9,13.3,29.3,0.07,1
Saint Louis,8/11/20,76.1,69.3,79.8,3.4,29.3,0.75,1
Saint Louis,8/12/20,78.3,70.8,78.5,7,29.4,0,1
Saint Louis,8/13/20,79.5,71.5,77.2,6.8,29.4,0.03,1
Saint Louis,8/14/20,81,70.2,71,5,29.3,0,1
Saint Louis,8/15/20,81.6,70.9,71.1,5.3,29.3,0,1
Saint Louis,8/16/20,76.1,60.7,60.4,6.3,29.4,0.01,1
Saint Louis,8/17/20,79.2,64,61.7,8,29.4,0,1
Saint Louis,8/18/20,75.7,63.8,67.7,9.4,29.3,0,1
Saint Louis,8/19/20,72.8,54.3,53.3,7.9,29.4,0,1
Saint Louis,8/20/20,73.2,56.4,56.8,4.1,29.3,0,1
Saint Louis,8/21/20,75.4,59.8,60.4,3.8,29.3,0,1
Saint Louis,8/22/20,78.4,62.6,60.2,3.8,29.3,0,1
Saint Louis,8/23/20,83.3,65.1,55.8,7.4,29.3,0,1
Saint Louis,8/24/20,85.8,66.6,54.4,3.8,29.4,0,1
Saint Louis,8/25/20,84.5,68.6,60.2,4.8,29.4,0,1
Saint Louis,8/26/20,83.5,71,66.6,7,29.3,0,1
Saint Louis,8/27/20,82.8,73,72.3,7.7,29.3,0,1
Saint Louis,8/28/20,82,71.4,70.6,7.6,29.1,0,1
Saint Louis,8/29/20,77.8,67.7,71.1,7.8,29.2,0,1
Saint Louis,8/30/20,72.8,59.1,63.5,4.8,29.2,0,1
Saint Louis,8/31/20,73.4,65.4,73.7,6.8,29.1,0,1
Saint Louis,9/1/20,72.3,67.4,84.5,7.3,29.2,0,1
Saint Louis,9/2/20,74.9,68.5,80.8,3.6,29.2,0.44,1
Saint Louis,9/3/20,75.7,66.5,75.7,7,29.2,0,1
Saint Louis,9/4/20,71.9,51.5,50.9,2.7,29.5,0.02,1
Saint Louis,9/5/20,76,60.5,60.1,5,29.6,0,1
Saint Louis,9/6/20,80,67.6,66.8,11.1,29.4,0,1
Saint Louis,9/7/20,82.2,68.1,63,10.4,29.2,0,1
Saint Louis,9/8/20,79.1,68.7,71.1,8,29.3,0,1
Saint Louis,9/9/20,73.7,67.4,81.8,5.8,29.5,0.02,1
Saint Louis,9/10/20,74.5,68.5,81.7,6.6,29.6,0,1
Saint Louis,9/11/20,76.6,67.9,75.9,8.8,29.5,0,1
Saint Louis,9/12/20,73.8,68,82.4,7.7,29.3,0,1
Saint Louis,9/13/20,69,60.3,75.3,5.8,29.4,0.02,1
Saint Louis,9/14/20,71.6,56.7,61.6,5.9,29.6,0,1
Saint Louis,9/15/20,69.3,57.3,67,6.1,29.5,0,1
Saint Louis,9/16/20,69.8,56.5,64.5,2.5,29.4,0,1
Saint Louis,9/17/20,69.6,59.7,72,8.4,29.4,0,1
Saint Louis,9/18/20,64.2,46.3,53.9,9,29.6,0,1
Saint Louis,9/19/20,59.7,39.8,50,5.7,29.6,0,1
Saint Louis,9/20/20,62.5,43.3,52.5,6,29.6,0,1
Saint Louis,9/21/20,66.3,49.8,56.9,6.3,29.6,0,1
Saint Louis,9/22/20,67,53.7,64.2,4.5,29.5,0,1
Saint Louis,9/23/20,66.3,57,72.7,4.2,29.4,0,1
Saint Louis,9/24/20,66.1,54.8,68,4,29.3,0,1
Saint Louis,9/25/20,69,57.9,69.5,5.9,29.3,0,1
Saint Louis,9/26/20,71.8,60.2,69.5,10.2,29.2,0,1
Saint Louis,9/27/20,69.8,60.1,72.3,9.3,29.2,0,1
Saint Louis,9/28/20,58.1,51.1,79,9.7,29.2,0.36,1
Saint Louis,9/29/20,57.6,45.8,66.3,8.2,29.3,0.04,1
Saint Louis,9/30/20,65.6,42.2,44.6,13.2,29.2,0,1
Saint Louis,10/1/20,56.5,39.1,54.5,9.8,29.5,0,1
Saint Louis,10/2/20,52.1,39,62.6,4.2,29.5,0,1
Saint Louis,10/3/20,52.8,45.2,75.8,6.1,29.5,0,1
Saint Louis,10/4/20,52.4,41.6,69.7,9.7,29.5,0.06,1
Saint Louis,10/5/20,53.5,34,52.1,5.5,29.5,0,1
Saint Louis,10/6/20,64.5,48.8,57.9,6.6,29.4,0,1
Saint Louis,10/7/20,72.4,57.8,63,6.7,29.3,0,1
Saint Louis,10/8/20,71.7,51.8,53.1,4.6,29.4,0,1
Saint Louis,10/9/20,73.4,60,65.1,7.9,29.3,0,1
Saint Louis,10/10/20,70.5,61.3,73.3,2.9,29.3,0,1
Saint Louis,10/11/20,71.5,60.9,72.1,4.7,29.2,0,1
Saint Louis,10/12/20,66.8,51.4,61.1,12.3,29.2,0,1
Saint Louis,10/13/20,63.3,37.9,44.4,6.6,29.4,0,1
Saint Louis,10/14/20,69.4,42,42.3,10.6,29.2,0,1
Saint Louis,10/15/20,54.9,34,46.1,9.3,29.4,0,1
Saint Louis,10/16/20,49.8,26.2,44.8,7.4,29.6,0,1
Saint Louis,10/17/20,59.3,29,33.3,13.5,29.4,0,1
Saint Louis,10/18/20,51.7,41.2,70.8,10.2,29.5,0,1
Saint Louis,10/19/20,45.8,41,83.4,8.6,29.5,1.31,1
Saint Louis,10/20/20,52.2,48.4,86.6,8.6,29.4,0.08,1
Saint Louis,10/21/20,54.6,51.5,89,7.4,29.4,0.49,1
Saint Louis,10/22/20,70.2,60.3,73.8,10.2,29.3,0.08,1
Saint Louis,10/23/20,52.4,46.7,81.3,12.8,29.4,0,1
Saint Louis,10/24/20,45.9,33.4,62,10.2,29.5,0.18,1
Saint Louis,10/25/20,48.3,38,67.7,7,29.4,0,1
Saint Louis,10/26/20,39.9,35.3,84,8.8,29.6,0,1
Saint Louis,10/27/20,39,35.5,87.3,6.7,29.6,0.63,1
Saint Louis,10/28/20,45,41.1,86,5,29.4,0.06,1
Saint Louis,10/29/20,45.6,39.4,79.1,11.6,29.2,0.69,1
Saint Louis,10/30/20,43.2,32.7,68.6,4.6,29.6,0.09,1
Saint Louis,10/31/20,52,37.8,60.7,10.2,29.5,0,1
Atlanta,2/20/20,42.2,37.9,85.1,14.1,29.2,0.15,0
Atlanta,2/21/20,39.4,28.9,67.9,8.4,29.3,0.8,0
Atlanta,2/22/20,42.7,25,52.2,2.4,29.3,0,0
Atlanta,2/23/20,48.3,27.1,45.7,2.3,29.1,0,0
Atlanta,2/24/20,47,41.7,82.6,7.7,28.9,0.02,0
Atlanta,2/25/20,56.1,50.2,82.1,5.4,28.7,1.11,0
Atlanta,2/26/20,48.2,39.9,73.5,10.3,28.8,0,0
Atlanta,2/27/20,40.1,21.5,48.7,13.3,29.1,0,0
Atlanta,2/28/20,42.8,25.8,52.5,10.6,29,0,0
Atlanta,2/29/20,45.4,24.8,47.5,12.8,29.1,0,0
Atlanta,3/1/20,50.5,28.4,44.8,4.8,29.1,0,0
Atlanta,3/2/20,52.6,45.8,79.3,6.2,28.9,0,0
Atlanta,3/3/20,63.2,59.2,87.1,9,28.8,1.1,0
Atlanta,3/4/20,56.1,51.6,85,5.5,28.9,0.36,0
Atlanta,3/5/20,51.1,47.3,86.6,11.5,28.9,1.84,0
Atlanta,3/6/20,49.1,33,58.3,15.2,29.1,0.73,0
Atlanta,3/7/20,45.9,25.4,46.8,7.7,29.3,0,0
Atlanta,3/8/20,50.6,28,43.8,6.1,29.4,0,0
Atlanta,3/9/20,56.3,39.4,54,7.3,29.4,0,0
Atlanta,3/10/20,59.9,51.3,73.9,7.5,29.2,0.03,0
Atlanta,3/11/20,61.4,55.8,82.6,7.4,29,0.02,0
Atlanta,3/12/20,64.9,58.3,80.7,5,28.9,0.27,0
Atlanta,3/13/20,67,58.6,74.2,8.4,29,0,0
Atlanta,3/14/20,67.4,53,60.7,6.6,29.1,0,0
Atlanta,3/15/20,61.6,53.3,74.4,8.5,29.2,0,0
Atlanta,3/16/20,55.6,51,84.4,9,29.2,0.03,0
Atlanta,3/17/20,57,52.2,84.5,4.6,29.1,0,0
Atlanta,3/18/20,64.5,58.1,80.6,5.8,29.1,0,0
Atlanta,3/19/20,65.6,59,81.5,6.8,29.1,0,0
Atlanta,3/20/20,70.7,58.3,66.2,10.3,29.1,0,0
Atlanta,3/21/20,64.3,55.7,74.8,9.3,29.1,0.1,0
Atlanta,3/22/20,55.5,48.4,77.4,10.5,29.2,0,0
Atlanta,3/23/20,56.5,54.1,91.3,6.9,29.1,0.03,0
Atlanta,3/24/20,65.3,60.4,85.6,6.3,28.9,1.45,0
Atlanta,3/25/20,65.9,57.3,75.1,9.7,28.8,1.15,0
Atlanta,3/26/20,65.2,51,62.4,5.7,28.9,0,0
Atlanta,3/27/20,72.2,56.8,60.6,6.8,28.9,0,0
Atlanta,3/28/20,73.9,61.1,65.8,9.4,28.9,0,0
Atlanta,3/29/20,72.1,56.6,61.6,10.8,29,0,0
Atlanta,3/30/20,66.6,38.9,37.3,9.8,29,0,0
Atlanta,3/31/20,56.9,45.2,66.9,10.6,28.7,0,0
Atlanta,4/1/20,51,35,55.4,14.1,28.8,0.34,0
Atlanta,4/2/20,54.6,36.1,52.7,6.6,28.9,0,0
Atlanta,4/3/20,63,36.6,40.8,6.7,28.9,0,4
Atlanta,4/4/20,66.5,41.1,40.8,5.6,28.9,0,4
Atlanta,4/5/20,68.3,47.6,48.6,3.5,28.9,0,4
Atlanta,4/6/20,70,52.8,57.3,6.1,29,0,4
Atlanta,4/7/20,68.4,56.9,67.5,6.7,28.9,0,4
Atlanta,4/8/20,69.2,62.8,80.6,8.2,28.8,0,4
Atlanta,4/9/20,67.9,55.2,68.2,11.9,28.7,0.2,4
Atlanta,4/10/20,57.2,26,31.1,14.8,28.8,0,4
Atlanta,4/11/20,56.8,30.7,40,7,28.9,0,4
Atlanta,4/12/20,63.4,55.8,77.5,11.1,28.8,0,4
Atlanta,4/13/20,67.7,58.3,73,14.3,28.7,0.9,4
Atlanta,4/14/20,58,43.5,60.6,9.5,28.9,0,4
Atlanta,4/15/20,51.9,26.5,39.8,13.1,28.9,0,4
Atlanta,4/16/20,56.5,28.8,36.3,6.8,29.1,0,4
Atlanta,4/17/20,61.2,41.4,50,6.9,29.1,0,4
Atlanta,4/18/20,62,48.5,65.3,10.8,28.9,0.18,4
Atlanta,4/19/20,51.6,46.4,83.5,6.4,28.8,0,4
Atlanta,4/20/20,60,51,75.3,11.2,28.6,2.96,4
Atlanta,4/21/20,63.8,45.4,52.9,11.2,28.8,0,4
Atlanta,4/22/20,61.8,39.4,45.8,6,29,0,4
Atlanta,4/23/20,58.1,53.8,85.8,11.6,28.8,0.15,4
Atlanta,4/24/20,64.1,55.4,74.8,9,28.7,0.63,4
Atlanta,4/25/20,66.8,52.9,63.4,8.8,28.8,0,4
Atlanta,4/26/20,58.8,44,58.6,14.5,28.9,0,4
Atlanta,4/27/20,59.2,38.5,49.8,9.8,29.1,0,4
Atlanta,4/28/20,66.4,44.2,46.7,5.6,29,0,4
Atlanta,4/29/20,64.7,56.4,75.4,11.6,28.8,0,4
Atlanta,4/30/20,57.8,49.9,76.2,8.6,28.8,0.34,4
Atlanta,5/1/20,61.3,41.8,52.1,10.5,28.9,0,4
Atlanta,5/2/20,68.3,44.4,45.2,4.4,29,0,4
Atlanta,5/3/20,72.7,52.1,50.2,7.8,28.9,0,4
Atlanta,5/4/20,74.6,59.3,59.4,6.5,28.9,0,4
Atlanta,5/5/20,74.5,62.5,67,9.4,28.8,0,4
Atlanta,5/6/20,62.4,42.6,49.8,16.5,28.9,0,4
Atlanta,5/7/20,57.5,36.8,49.4,10.1,29,0,4
Atlanta,5/8/20,58.2,45.6,64,7.7,28.9,0,4
Atlanta,5/9/20,54,32.6,48.6,9.9,29.1,0.03,4
Atlanta,5/10/20,59.9,35.7,43.1,5.2,29.1,0,4
Atlanta,5/11/20,59.8,34.2,39.7,12.4,29.1,0,4
Atlanta,5/12/20,61.2,39,45.2,6,29.1,0,4
Atlanta,5/13/20,67.4,50.3,55.7,7.4,29.1,0,4
Atlanta,5/14/20,70.2,56.4,64.3,7.3,29.1,0,4
Atlanta,5/15/20,70.9,56.5,61.8,6.9,29,0,4
Atlanta,5/16/20,73.7,57.9,59.8,5.8,28.9,0,4
Atlanta,5/17/20,73.5,62.3,70,6.9,28.9,0,4
Atlanta,5/18/20,71.2,65.5,82.5,7.1,28.8,1.04,4
Atlanta,5/19/20,68.3,59.4,75.2,8.7,28.7,0.38,4
Atlanta,5/20/20,59.9,54.5,82.5,12.1,28.8,0.22,4
Atlanta,5/21/20,63.9,55.1,74.4,5.6,28.9,0,4
Atlanta,5/22/20,72.5,62.7,72.5,6.7,29,0.01,4
Atlanta,5/23/20,76.3,65.8,71,5.1,29,0.28,4
Atlanta,5/24/20,77.2,64,64.5,4.5,29,0,4
Atlanta,5/25/20,74.2,65.3,75.2,8.4,29,0.68,4
Atlanta,5/26/20,70.4,64.6,81.7,11.7,28.9,0,4
Atlanta,5/27/20,69.2,64.8,85.7,10.7,28.9,0.07,4
Atlanta,5/28/20,74.1,66.9,80,5.5,28.9,1.42,3
Atlanta,5/29/20,75.1,67.9,78.8,4.5,28.9,0.01,3
Atlanta,5/30/20,77,62.6,63.8,7.6,28.9,0.05,3
Atlanta,5/31/20,74.6,56.3,54.3,7.9,29,0,3
Atlanta,6/1/20,73.4,59.4,62.5,9.7,29.1,0,3
Atlanta,6/2/20,75.8,60.3,59.8,5.8,29.1,0,3
Atlanta,6/3/20,78.3,65.1,64.6,6,28.9,0,3
Atlanta,6/4/20,77.9,66.5,70,7.7,28.9,0,3
Atlanta,6/5/20,75.9,68.1,77.1,7.4,28.9,0,3
Atlanta,6/6/20,76.8,68.3,75.9,4.7,28.9,0.26,3
Atlanta,6/7/20,77.4,68.4,74.6,6.1,28.9,0.12,3
Atlanta,6/8/20,78,70.6,78.4,8,28.9,0,3
Atlanta,6/9/20,77.2,70.6,80.3,7.9,28.9,0,3
Atlanta,6/10/20,76.3,71.5,85,8.8,28.9,0.32,3
Atlanta,6/11/20,75.6,62.8,65.7,11.2,29,0.71,3
Atlanta,6/12/20,76.8,60.8,58.5,9.3,29,0,3
Atlanta,6/13/20,78.2,57.3,50.5,7.2,29,0.01,3
Atlanta,6/14/20,72,60.3,67.3,8.2,29.1,0,3
Atlanta,6/15/20,69,59.6,72.6,10.1,29.1,0.4,3
Atlanta,6/16/20,66.1,54.6,67,11.2,29.1,0,3
Atlanta,6/17/20,67.2,55.8,67.2,5.3,29,0,3
Atlanta,6/18/20,73,58.9,62.8,4.3,29,0,3
Atlanta,6/19/20,77,61.2,59.4,4.3,29,0,3
Atlanta,6/20/20,79.6,61.8,56.5,4.3,29,0,3
Atlanta,6/21/20,77.8,65.1,67,6.2,28.9,0,3
Atlanta,6/22/20,75.6,67.2,76.3,5,28.9,0.02,3
Atlanta,6/23/20,76.5,68,75.8,10.1,28.9,0.1,3
Atlanta,6/24/20,75.1,66.5,75.1,8.3,28.9,0.02,3
Atlanta,6/25/20,74.4,68.4,82.3,7,29,0.23,3
Atlanta,6/26/20,75.8,64.7,69.5,9.5,29.1,0.24,3
Atlanta,6/27/20,74.7,65.5,73.8,9.6,29,0,3
Atlanta,6/28/20,81.2,70.2,70.6,10,28.9,0.17,3
Atlanta,6/29/20,81.8,68,64.2,8.1,28.9,0,3
Atlanta,6/30/20,77.5,67.7,72.8,7.7,28.9,0,3
Atlanta,7/1/20,75.1,67.3,77.1,9.2,28.9,0.04,3
Atlanta,7/2/20,79.5,69.2,71.7,9.4,28.8,0.04,3
Atlanta,7/3/20,82.8,68,62.8,5.2,28.9,0.16,3
Atlanta,7/4/20,81.9,69.1,66.3,3.8,28.9,0,3
Atlanta,7/5/20,82,67.6,64.2,6.6,28.9,0.01,3
Atlanta,7/6/20,76.5,69.8,81,9.5,28.9,0,3
Atlanta,7/7/20,77.7,70,77.9,7.7,28.9,1.21,3
Atlanta,7/8/20,78.9,70.1,74.8,6,28.9,0,3
Atlanta,7/9/20,79.1,70.1,75.3,6.2,28.8,0,3
Atlanta,7/10/20,80.7,71.6,75.4,5.6,28.9,0.2,4
Atlanta,7/11/20,82.4,64.4,56.9,12,28.8,0.01,4
Atlanta,7/12/20,78.7,65.8,65.5,7,28.8,0,4
Atlanta,7/13/20,77.2,67.1,73.1,8.1,28.8,0,4
Atlanta,7/14/20,83,66.3,58.8,5,28.9,0,4
Atlanta,7/15/20,82,70.1,68.2,3.9,29,0,4
Atlanta,7/16/20,81.4,70.2,70.4,4.5,29,0.21,4
Atlanta,7/17/20,85.1,69.6,61.4,4.6,29.1,0,4
Atlanta,7/18/20,84.8,69.4,61,5.7,29,0,4
Atlanta,7/19/20,84.9,69,60.4,3.5,29,0,4
Atlanta,7/20/20,85.1,69,59.8,6.8,28.9,0,4
Atlanta,7/21/20,83.2,70.3,66.7,6.5,29,0.07,4
Atlanta,7/22/20,82.4,69.8,67.7,4.1,29,0.04,4
Atlanta,7/23/20,83.4,68,61.2,5.4,29.1,0,4
Atlanta,7/24/20,80.1,68.5,69,4.8,29.1,0,4
Atlanta,7/25/20,79.2,68.6,71.2,5.9,29.1,0,4
Atlanta,7/26/20,80.3,67.9,67.4,3.6,29.1,0.06,4
Atlanta,7/27/20,83.6,69,63.2,6.2,29,0,4
Atlanta,7/28/20,82,69.8,67.3,6.4,28.9,0,4
Atlanta,7/29/20,77.7,71.3,81,6.8,28.9,0,4
Atlanta,7/30/20,79.3,72,78.8,9,28.9,0.58,4
Atlanta,7/31/20,83,71.4,69,9.2,28.9,0.01,4
Atlanta,8/1/20,81.6,69,67,7.6,28.9,0,4
Atlanta,8/2/20,82.6,68.6,64.1,4.4,28.9,0,4
Atlanta,8/3/20,78.7,68.8,72.1,7.3,28.9,0,4
Atlanta,8/4/20,78.5,66,68.1,4.9,28.9,0.13,4
Atlanta,8/5/20,81.8,67.1,61.9,6.8,28.9,0,4
Atlanta,8/6/20,81.6,68.7,66.4,6.7,28.9,0.09,4
Atlanta,8/7/20,82.1,68.3,64.4,5.9,29,0,4
Atlanta,8/8/20,82.5,67.8,63.5,3.8,29,0,4
Atlanta,8/9/20,85.2,67.3,57.5,5.3,29,0,4
Atlanta,8/10/20,79.3,69.1,72.2,7.6,29,0,4
Atlanta,8/11/20,80.9,69.9,71,7,28.9,0.18,4
Atlanta,8/12/20,80.4,69.7,71.4,5.4,28.9,0,4
Atlanta,8/13/20,81.2,70.1,71.1,7.2,28.9,0.09,4
Atlanta,8/14/20,76.4,70.3,82,5.3,28.9,0.71,4
Atlanta,8/15/20,77.2,70.8,81.4,6,28.8,0.1,4
Atlanta,8/16/20,81,66.9,64.8,8.3,28.9,0.32,4
Atlanta,8/17/20,81.8,67.1,62.2,6.9,28.9,0,4
Atlanta,8/18/20,79.9,63.5,58.6,7.3,28.9,0,4
Atlanta,8/19/20,76.3,66.9,73.6,7.5,28.8,0,4
Atlanta,8/20/20,74.8,67.6,78.9,8.1,28.9,0.64,4
Atlanta,8/21/20,73.6,68,83.2,6.3,28.8,0.44,4
Atlanta,8/22/20,75.4,67.6,78.2,4.4,28.9,0.09,4
Atlanta,8/23/20,76.4,69.2,79.4,4.5,29,0.06,4
Atlanta,8/24/20,76.3,71,83.9,8.3,29,0.07,4
Atlanta,8/25/20,74.3,71.3,90.3,7.2,29,0.16,4
Atlanta,8/26/20,78.3,72.5,82.6,4.8,29,1.11,4
Atlanta,8/27/20,81.1,71.6,74.1,5.6,29,0.02,4
Atlanta,8/28/20,79.2,72.9,81.6,7.2,28.9,0,4
Atlanta,8/29/20,80.5,71.9,75.7,11.4,28.8,0.12,4
Atlanta,8/30/20,78.2,71.9,82.4,7.3,28.8,0,4
Atlanta,8/31/20,78.3,72.1,82.2,3.3,28.8,2.71,4
Atlanta,9/1/20,80.5,72.8,77.6,4.1,28.9,0,4
Atlanta,9/2/20,80.5,72,77.1,7,28.9,0.13,4
Atlanta,9/3/20,81.9,70.2,69.1,7.5,28.9,0,4
Atlanta,9/4/20,82.4,69.8,67,8.8,29,0,4
Atlanta,9/5/20,78.6,61.4,58,8.8,29.1,0,4
Atlanta,9/6/20,75.8,57.9,54.4,8.4,29.1,0,4
Atlanta,9/7/20,75,57.2,55.1,7.6,28.9,0,4
Atlanta,9/8/20,75.6,61.1,62,7.9,28.9,0,4
Atlanta,9/9/20,76.6,65.6,68.9,10.8,29,0,4
Atlanta,9/10/20,78.5,70.6,77.2,9.4,29.1,0,4
Atlanta,9/11/20,81.3,70.9,71.8,7.6,29,0,4
Atlanta,9/12/20,78.7,71.8,80,8.7,28.9,0,3
Atlanta,9/13/20,77.7,69.7,77.1,8.9,29,0.02,3
Atlanta,9/14/20,79.3,70.3,74.5,8.5,29,0,3
Atlanta,9/15/20,72,65.8,80.9,16.1,29,0,3
Atlanta,9/16/20,66.1,61.2,84.5,16.9,28.9,0.19,3
Atlanta,9/17/20,70.4,66.9,89,14.8,28.7,3.89,3
Atlanta,9/18/20,73,65.1,77.4,8,28.9,0.1,3
Atlanta,9/19/20,68.1,57.4,68.6,12,29,0,3
Atlanta,9/20/20,62.9,48,59.4,15.5,29.2,0,3
Atlanta,9/21/20,61.7,45.6,57.5,14.8,29.2,0,3
Atlanta,9/22/20,61.3,49.6,66.7,6.8,29.1,0,3
Atlanta,9/23/20,68.2,54.2,62.5,4,29,0,3
Atlanta,9/24/20,66.3,62.4,87.3,8.5,28.9,0,3
Atlanta,9/25/20,71.9,66.8,84.2,6.7,28.9,0.99,3
Atlanta,9/26/20,72.1,64.7,78.7,1.9,28.9,0,3
Atlanta,9/27/20,72.8,67.6,84,6.3,28.9,0,3
Atlanta,9/28/20,73.8,66.4,79,6.8,28.8,0.01,3
Atlanta,9/29/20,60.7,56.6,86.5,10.5,28.8,0.07,3
Atlanta,9/30/20,61.3,49.4,67.4,6.8,28.9,0.27,3
Atlanta,10/1/20,66.3,52.7,63.7,7.7,28.9,0,3
Atlanta,10/2/20,59.8,41.6,54,9,29,0,3
Atlanta,10/3/20,60.1,44.8,59.3,6.5,29.1,0,3
Atlanta,10/4/20,62,48.6,63,5,29.1,0,3
Atlanta,10/5/20,65.1,53.2,68,5,29.1,0,3
Atlanta,10/6/20,68.3,57.4,70,5.1,29,0,3
Atlanta,10/7/20,71.3,61.1,71.7,4.7,29,0,3
Atlanta,10/8/20,71.3,57.4,63.8,4.2,29,0,3
Atlanta,10/9/20,69.4,63,80.2,9.3,29,0,3
Atlanta,10/10/20,71.3,68.8,91.6,9.7,28.8,0.64,3
Atlanta,10/11/20,72,68,87.2,8.5,28.7,4.04,3
Atlanta,10/12/20,72.7,67,83,6.3,28.8,0.05,3
Atlanta,10/13/20,70.1,60,72.6,10.4,28.9,0,3
Atlanta,10/14/20,67.6,53.9,62.8,7.3,29,0,3
Atlanta,10/15/20,69.9,62.3,77.9,6.1,28.9,0,3
Atlanta,10/16/20,61.3,48,63.2,11.5,29,0,3
Atlanta,10/17/20,56,37.8,51.6,9.5,29.2,0,3
Atlanta,10/18/20,59.4,48.5,68,8.9,29.2,0,3
Atlanta,10/19/20,63.5,53.9,72.3,7.1,29.1,0,3
Atlanta,10/20/20,67.8,57.4,70.8,7.3,29.1,0,3
Atlanta,10/21/20,70.2,62.5,77.5,8.6,29.1,0,3
Atlanta,10/22/20,70.5,63.4,79.2,8.4,29.1,0,3
Atlanta,10/23/20,71.3,63.4,77.7,6,29,0,3
Atlanta,10/24/20,69.4,65.2,86.9,6.5,28.9,0,3
Atlanta,10/25/20,69.3,64.3,84.6,4.5,28.9,2.48,3
Atlanta,10/26/20,67.1,64.2,90.6,6.8,29,0.02,3
Atlanta,10/27/20,68.3,64.4,87.5,6.1,29.1,0,3
Atlanta,10/28/20,72.5,69.1,89.3,7.2,28.9,0.11,3
Atlanta,10/29/20,73,64.3,75.8,18.8,28.6,0.89,3
Atlanta,10/30/20,54.4,42,64.2,14.8,29,0,3
Atlanta,10/31/20,55.6,42.6,62.5,11.3,29.2,0,3